,Unnamed: 0,user_id,postingFrequency,postingInterval,generalMoreFreq,generalWordCount,healthPostingFrequency,healthPostingInterval,healthMoreFreq,healthWordCount,mentionMethods,raw_label
0,0,22002,21,44.15,1,16.68224299,2,0.0,0,151.6,0,a
1,1,22006,44,23.27906977,0,104.3125,3,159.5,0,254.25,1,c
2,3,22015,20,57.36842105,1,58.72727273,3,379.5,0,149.75,1,d
3,29,22134,118,11.20512821,0,40.75862069,17,69.5625,0,183.5,1,d
4,30,22134,118,11.20512821,0,40.75862069,17,69.5625,0,183.5,1,d
5,31,22134,118,11.20512821,0,40.75862069,17,69.5625,0,183.5,1,d
6,91,22354,86,0.882352941,0,88.85185185,3,35.0,0,120.0357143,0,a
7,181,22733,126,5.76,0,10.63157895,1,0.0,0,0.0,1,a
8,208,22913,98,23.30927835,0,1.0,8,104.8571429,1,291.0,0,a
9,289,23308,642,2.499219969,0,83.35714286,25,32.25,1,363.5,1,a
10,389,23785,76,9.066666667,0,100.6363636,0,0.0,0,0.0,1,a
11,441,26024,155,6.383116883,0,44.58730159,7,323.0,0,330.0,0,d
12,452,26047,17,60.8125,1,30.91891892,0,0.0,0,0.0,0,a
13,483,26174,52,26.80392157,1,130.2608696,1,0.0,0,0.0,0,d
14,485,26179,44,19.0,1,1.0,4,69.0,0,189.6428571,0,a
15,495,26244,40,36.12820513,1,6.714285714,4,55.33333333,0,256.6,1,a
16,506,26306,15,14.28571429,0,28.64864865,0,0.0,0,0.0,0,c
17,532,26433,87,10.73255814,1,30.48076923,0,0.0,0,0.0,0,a
18,544,26474,24,19.47826087,1,22.13333333,10,57.66666667,1,145.0,1,d
19,545,26474,24,19.47826087,1,22.13333333,10,57.66666667,1,145.0,1,d
20,546,26474,24,19.47826087,1,22.13333333,10,57.66666667,1,145.0,1,d
21,547,26474,24,19.47826087,1,22.13333333,10,57.66666667,1,145.0,1,d
22,548,26474,24,19.47826087,1,22.13333333,10,57.66666667,1,145.0,1,d
23,549,26474,24,19.47826087,1,22.13333333,10,57.66666667,1,145.0,1,d
24,559,26545,21,45.65,0,1.1304347829999999,1,0.0,0,0.0,0,c
25,590,26646,23,7.272727272999999,1,1.294657763,8,26.85714286,1,467.5,0,d
26,598,26683,18,33.94117647,1,1.0,0,0.0,0,0.0,0,c
27,615,26741,38,10.16216216,1,61.38461538,4,43.0,0,1255.0,0,d
28,638,26849,15,80.0,0,39.61904762,1,0.0,0,0.0,0,c
29,641,26864,22,11.85714286,1,3.3529411760000003,3,22.5,0,211.5,1,d
30,655,26915,24,37.73913043,1,35.18867925,3,101.5,0,113.375,1,d
31,686,27116,23,39.09090909,1,70.44217687,3,143.5,0,102.0,0,a
32,691,27149,167,5.240963855,1,67.36363636,0,0.0,0,0.0,0,a
33,763,27495,31,19.73333333,1,1.0,7,57.66666667,1,302.5,0,c
34,770,27553,21,59.5,1,19.66666667,1,0.0,0,0.0,0,a
35,790,27668,30,33.68965517,0,1.0,11,92.9,0,735.6666667000001,0,c
36,828,27877,29,37.75,0,3.541666667,3,45.0,0,171.5,0,a
37,880,18136,400,1.681704261,0,50.36842105,26,25.88,1,599.0,0,d
38,895,18209,72,36.33802817,0,6.387096774,3,51.0,0,147.09523810000002,0,b
39,909,18262,14,6.461538462,0,1.0,3,180.5,0,127.0,0,b
40,930,18362,53,16.67307692,1,11.36363636,4,211.0,0,232.0,0,c
41,957,18482,12,30.18181818,0,1.0,3,90.0,0,69.0,0,a
42,987,18583,160,3.93081761,1,48.38888889,0,0.0,0,0.0,0,d
43,1002,18647,57,8.410714286000001,1,143.5714286,0,0.0,0,0.0,1,a
44,1028,18752,37,26.0,0,286.0952381,6,47.2,1,1070.0,0,b
45,1041,18787,56,19.38181818,1,4.331428571,5,156.75,0,294.5,0,a
46,1045,18824,71,12.02857143,1,1.0,0,0.0,0,0.0,0,a
47,1057,18869,14,9.846153846,1,17.25490196,6,137.8,1,162.8,1,d
48,1058,18869,14,9.846153846,1,17.25490196,6,137.8,1,162.8,1,d
49,1059,18869,14,9.846153846,1,17.25490196,6,137.8,1,162.8,1,d
50,1089,19021,67,14.98484848,1,7.727272727000001,1,0.0,0,0.0,0,d
51,1102,19089,16,12.46666667,0,1.0,3,90.5,0,174.5,0,d
52,1111,19113,23,65.5,1,67.68181818,0,0.0,0,0.0,1,d
53,1171,19339,11,8.0,0,14.23529412,0,0.0,0,0.0,0,d
54,1174,19347,46,2.244444444,0,57.46464646,3,41.0,0,51.0,0,d
55,1178,19368,106,11.68571429,0,52.2,5,207.75,0,460.66666669999995,1,a
56,1187,19409,108,15.26168224,1,17.6875,0,0.0,0,0.0,0,a
57,1209,19512,35,26.20588235,1,4.166666667,11,74.0,0,118.5,1,a
58,1273,19832,13,69.66666667,1,7.660377358,0,0.0,0,0.0,1,b
59,1285,19871,459,3.609170306,0,1.142857143,12,106.0909091,1,494.5,0,a
60,1301,19941,62,14.0,1,34.26666667,1,0.0,0,0.0,0,a
61,1306,19955,11,51.8,1,69.46428571,0,0.0,0,0.0,0,c
62,1307,19959,13,42.58333333,1,1.0,1,0.0,0,0.0,1,c
63,1314,19994,61,32.61666667,0,23.61320755,5,54.0,0,170.66666669999998,0,a
64,1348,34135,14,44.61538462,1,87.25,0,0.0,0,0.0,0,d
65,1355,34169,29,27.64285714,1,1.0,5,170.0,0,164.5,0,c
66,1376,34271,25,20.58333333,1,34.75,3,99.0,0,78.83333333,1,d
67,1395,34375,221,7.472727272999999,1,29.27272727,14,149.5384615,1,94.66666667,0,b
68,1423,34533,79,22.88461538,0,19.64705882,1,0.0,0,0.0,0,a
69,1433,34567,35,17.97058824,1,11.05263158,0,0.0,0,0.0,0,c
70,1465,34677,126,3.56,1,1.0,44,31.44186047,0,148.33333330000002,0,c
71,1471,34712,23,15.59090909,1,57.37593985,9,73.875,1,145.5,0,b
72,1537,34960,31,24.03333333,1,20.40740741,3,35.5,0,872.7,0,c
73,1561,35071,34,16.60606061,1,15.23076923,11,42.8,1,114.0,0,b
74,1570,35089,21,8.2,1,32.57142857,3,9.5,0,175.6,0,d
75,1573,35107,34,24.90909091,0,20.5,8,110.2857143,1,209.0,0,b
76,1638,35398,61,15.16666667,1,1.0,0,0.0,0,0.0,0,d
77,1709,35751,113,6.633928571,0,45.05555556,1,0.0,0,0.0,0,d
78,1725,35819,25,13.45833333,0,37.22222222,3,327.5,0,283.8,0,c
79,1728,35826,51,7.78,1,28.97425743,4,319.0,0,266.3333333,0,c
80,1771,30049,36,23.57142857,1,72.3,3,56.5,0,512.0,1,a
81,1782,30107,20,62.73684211,1,63.5,0,0.0,0,0.0,0,a
82,1823,30316,405,4.183168317,0,74.04761905,126,6.247999999999999,1,304.5,1,d
83,1824,30316,405,4.183168317,0,74.04761905,126,6.247999999999999,1,304.5,1,d
84,1825,30316,405,4.183168317,0,74.04761905,126,6.247999999999999,1,304.5,1,d
85,1826,30316,405,4.183168317,0,74.04761905,126,6.247999999999999,1,304.5,1,d
86,1850,30432,15,15.78571429,1,42.1,1,0.0,0,343.0,1,d
87,1883,30566,257,4.57421875,0,37.32142857,20,61.15789474,1,532.5,1,b
88,1926,30759,31,11.2,1,3.1,1,0.0,0,0.0,0,a
89,1966,30945,16,3.933333333,1,17.79166667,0,0.0,0,0.0,0,c
90,1973,30972,16,47.46666667,1,54.47619048,0,0.0,0,0.0,0,d
91,1974,30974,36,22.91428571,0,17.86792453,0,0.0,0,0.0,1,a
92,2010,31083,53,16.75,1,1.0,0,0.0,0,0.0,0,c
93,2064,31287,17,36.9375,0,6.44,0,0.0,0,0.0,1,d
94,2069,31300,18,6.705882353,0,1.0,1,0.0,0,0.0,0,d
95,2090,31370,14,37.07692308,0,39.78571429,6,99.4,1,364.5,0,a
96,2150,31691,86,14.30588235,1,42.29411765,13,108.83333329999999,1,606.3333332999999,0,c
97,2156,31724,40,39.51282051,0,18.42105263,4,232.33333330000002,0,65.5,0,d
98,2182,31839,50,19.75510204,0,54.85106383,3,28.5,0,225.0,1,d
99,2262,24169,26,26.84,1,20.53608247,0,0.0,0,0.0,0,b
100,2273,24226,299,4.332214765,1,23.52173913,19,66.94444444,0,260.75,1,b
101,2275,24255,29,25.64285714,1,1.0,6,51.4,1,770.3571429,0,d
102,2389,24836,17,33.0,0,54.49090909,3,106.5,0,52.5,1,d
103,2390,24836,17,33.0,0,54.49090909,3,106.5,0,52.5,1,d
104,2392,24839,116,4.034782609,0,38.0,3,44.5,0,690.6666667000001,0,a
105,2445,25055,17,25.6875,1,21.84615385,0,0.0,0,0.0,0,c
106,2508,25368,73,17.55555556,1,1.0,23,52.18181818,1,487.4,1,d
107,2530,25479,22,37.61904762,1,42.79245283,0,0.0,0,0.0,0,c
108,2532,25499,46,22.2,1,167.66666669999998,12,90.90909091,1,427.75,1,d
109,2533,25499,46,22.2,1,167.66666669999998,12,90.90909091,1,427.75,1,d
110,2534,25502,17,83.5,0,24.75,1,0.0,0,0.0,0,d
111,2622,25865,51,22.0,0,3.923076923,1,0.0,0,0.0,0,b
112,2661,20019,14,5.076923077,1,13.9,1,0.0,0,0.0,0,d
113,2690,20127,19,16.44444444,0,1.0,4,82.66666667,0,151.8,0,a
114,2720,20211,20,27.57894737,1,21.15853659,6,103.6,1,115.5,1,d
115,2758,20386,65,18.28125,0,45.82142857,0,0.0,0,0.0,0,a
116,2762,20406,22,32.14285714,1,49.45454545,1,0.0,0,0.0,0,a
117,2784,20488,22,70.14285714,1,17.67567568,1,0.0,0,0.0,1,a
118,2787,20503,63,33.64516129,0,14.84615385,9,83.625,1,238.0,1,b
119,2789,20508,12,7.6363636360000005,1,50.81818182,4,158.0,0,459.16666669999995,0,d
120,2853,20747,30,37.06896552,1,1.0,0,0.0,0,0.0,0,c
121,2872,20841,52,24.92156863,0,18.06666667,0,0.0,0,0.0,1,a
122,2894,20908,36,49.14285714,1,23.4,32,55.77419355,1,118.07692309999999,1,d
123,2895,20908,36,49.14285714,1,23.4,32,55.77419355,1,118.07692309999999,1,d
124,2896,20908,36,49.14285714,1,23.4,32,55.77419355,1,118.07692309999999,1,d
125,2897,20908,36,49.14285714,1,23.4,32,55.77419355,1,118.07692309999999,1,d
126,2898,20908,36,49.14285714,1,23.4,32,55.77419355,1,118.07692309999999,1,d
127,2899,20908,36,49.14285714,1,23.4,32,55.77419355,1,118.07692309999999,1,d
128,2900,20908,36,49.14285714,1,23.4,32,55.77419355,1,118.07692309999999,1,d
129,2962,21174,32,43.67741935,1,69.63636364,6,95.4,1,159.66666669999998,0,c
130,2987,21291,41,26.45,1,10.23214286,1,0.0,0,0.0,0,a
131,3032,21485,12,9.909090909,0,1.052631579,0,0.0,0,0.0,0,b
132,3103,21773,152,5.105960265,1,19.07692308,6,121.4,1,337.1538462,0,d
133,3104,21780,147,9.301369863,0,1.0,10,155.66666669999998,1,810.5,0,c
134,3111,21808,22,36.57142857,1,74.4,1,0.0,0,0.0,0,d
135,3135,21909,47,19.93478261,0,17.63636364,1,0.0,0,0.0,1,d
136,3150,21999,86,2.858823529,1,57.86111111,4,226.33333330000002,0,138.0,0,c
137,3164,28071,21,7.2,1,1.0,1,0.0,0,0.0,0,c
138,3201,28252,18,24.94117647,1,11.33333333,0,0.0,0,0.0,0,d
139,3226,28380,38,21.37837838,0,43.71034483,1,0.0,0,0.0,0,b
140,3302,28703,24,41.69565217,0,17.17574609,1,0.0,0,0.0,1,d
141,3305,28721,16,22.66666667,0,21.5,5,122.0,0,102.5,1,d
142,3372,28983,49,22.04166667,1,1.0,1,0.0,0,0.0,0,d
143,3383,29020,36,9.028571429,0,1.0,4,37.66666667,0,265.0,1,b
144,3395,29053,50,27.83673469,0,39.91666667,6,205.2,1,112.0,1,d
145,3436,29216,15,32.5,1,23.8,0,0.0,0,0.0,0,a
146,3501,29426,45,25.02272727,1,9.56,1,0.0,0,0.0,0,d
147,3502,29434,17,38.375,1,6.48,0,0.0,0,0.0,0,a
148,3509,29478,19,28.61111111,1,93.62857143,5,20.0,0,628.2,1,d
149,3531,29598,208,2.632850242,0,12.15384615,27,42.46153846,0,192.33333330000002,1,d
150,3532,29598,208,2.632850242,0,12.15384615,27,42.46153846,0,192.33333330000002,1,d
151,3533,29598,208,2.632850242,0,12.15384615,27,42.46153846,0,192.33333330000002,1,d
152,3548,29627,11,41.6,1,53.19047619,0,0.0,0,0.0,1,d
153,3553,29644,54,19.77358491,0,66.31818182,3,264.0,0,213.125,1,d
154,3554,29644,54,19.77358491,0,66.31818182,3,264.0,0,213.125,1,d
155,3555,29644,54,19.77358491,0,66.31818182,3,264.0,0,213.125,1,d
156,3558,29648,31,24.56666667,1,26.5,1,0.0,0,0.0,0,d
157,3646,32057,40,39.33333333,1,35.84210526,3,168.5,0,92.57142857,0,d
158,3648,32063,69,25.72058824,0,61.78571429,8,233.8571429,0,535.0,0,d
159,3654,32114,888,0.83427283,0,25.35928144,3,73.0,0,163.8,1,d
160,3655,32114,888,0.83427283,0,25.35928144,3,73.0,0,163.8,1,d
161,3661,32144,85,18.41666667,1,103.4210526,4,400.6666667,0,43.66666667,0,b
162,3675,32225,39,11.10526316,0,1.0,0,0.0,0,0.0,1,d
163,3684,32261,14,60.69230769,0,51.96428571,1,0.0,0,0.0,0,d
164,3687,32267,39,47.26315789,1,124.23333329999998,1,0.0,0,0.0,1,a
165,3688,32280,21,10.6,1,1.0,0,0.0,0,0.0,1,d
166,3719,32463,12,11.18181818,0,42.6,4,50.66666667,0,276.0,0,d
167,3739,32599,25,53.54166667,0,60.7037037,5,50.0,0,431.0,0,a
168,3745,32621,32,27.51612903,1,78.98245614,3,230.0,0,611.375,0,b
169,3746,32625,101,7.99,0,51.58333333,23,25.54545455,0,1205.0,1,c
170,3764,32730,18,14.35294118,0,5.3,3,7.0,0,351.14285710000007,1,a
171,3770,32775,27,11.34615385,1,1.0,5,17.0,0,754.6666667000001,0,d
172,3788,32819,17,69.0,1,1.0,0,0.0,0,0.0,0,a
173,3818,32938,38,21.18918919,1,5.818181817999999,1,0.0,0,0.0,1,d
174,3819,32938,38,21.18918919,1,5.818181817999999,1,0.0,0,0.0,1,d
175,3823,32960,18,36.70588235,1,96.6,1,0.0,0,0.0,1,d
176,3871,33250,12,119.2727273,1,2.157894737,3,51.5,0,129.0,1,c
177,3881,33301,94,5.6236559139999995,1,26.03846154,1,0.0,0,0.0,1,c
178,3902,33416,199,5.121212121,0,133.4,7,159.16666669999998,0,115.5,1,a
179,3940,33604,16,14.0,1,58.90909091,1,0.0,0,0.0,1,d
180,3943,33620,34,12.75757576,1,1.0,4,64.66666667,0,231.66666669999998,0,c
181,3957,33687,19,11.33333333,1,1.109090909,7,47.33333333,1,368.6,0,c
182,3972,33749,11,48.3,1,1.0,0,0.0,0,0.0,0,d
183,4006,33917,14,89.0,1,63.84615385,0,0.0,0,0.0,0,c
184,4007,33936,12,71.0,1,18.96491228,1,0.0,0,10.0,1,b
185,4014,33973,18,9.941176471,1,97.58333333,0,0.0,0,0.0,0,b
186,4017,33996,17,40.0,1,26.15789474,1,0.0,0,0.0,0,a
187,4028,16035,91,13.01111111,1,82.74285714,3,271.5,0,455.375,1,c
188,4039,16093,38,10.21621622,1,19.48888889,4,119.33333329999999,0,66.33333333,0,d
189,4056,16175,21,7.6,1,34.84210526,7,32.66666667,1,108.0,0,d
190,4089,16310,34,26.36363636,0,1.0,3,109.5,0,41.0,1,d
191,4108,16392,42,26.63414634,1,93.60714286,1,0.0,0,55.0,0,d
192,4112,16402,23,50.18181818,1,111.5,1,0.0,0,0.0,0,b
193,4122,16441,33,20.9375,0,15.18181818,6,162.8,1,645.4166667000001,0,c
194,4158,16609,41,15.825,0,19.46153846,1,0.0,0,77.0,0,a
195,4189,16719,64,18.20634921,1,29.11764706,0,0.0,0,0.0,0,a
196,4193,16723,71,11.4,1,41.47826087,3,149.5,0,505.0,1,b
197,4201,16768,18,35.35294118,1,2.277777778,5,52.5,0,592.5,0,a
198,4212,16807,22,32.85714286,1,1.0,3,19.5,0,474.4,0,c
199,4232,16927,13,15.91666667,1,29.16666667,5,132.75,0,991.375,0,d
200,4237,16955,16,37.73333333,1,1.0,0,0.0,0,0.0,0,b
201,4323,17406,74,11.35616438,1,31.38461538,0,0.0,0,0.0,0,c
202,4335,17468,19,11.27777778,1,1.0,0,0.0,0,0.0,1,d
203,4397,17708,26,14.32,1,8.396825397,0,0.0,0,0.0,1,d
204,4455,17946,34,13.90909091,1,45.26315789,3,59.0,0,337.6666667,0,d
205,4507,8215,70,33.37681159,0,7.857142857,1,0.0,0,0.0,1,d
206,4508,8215,70,33.37681159,0,7.857142857,1,0.0,0,0.0,1,d
207,4509,8215,70,33.37681159,0,7.857142857,1,0.0,0,0.0,1,d
208,4556,8454,18,33.17647059,1,97.9375,3,161.5,0,437.0,1,d
209,4577,8554,13,12.83333333,1,123.13333329999999,0,0.0,0,0.0,0,d
210,4582,8588,480,2.317327766,0,32.88235294,61,26.01666667,0,175.8,0,d
211,4591,8622,55,2.87037037,1,50.33333333,0,0.0,0,0.0,0,a
212,4613,8720,182,10.54696133,1,19.45454545,4,150.66666669999998,0,715.2,1,a
213,4620,8759,21,46.8,1,51.30769231,1,0.0,0,76.0,1,d
214,4629,8821,40,47.8974359,1,89.20833333,0,0.0,0,0.0,1,c
215,4643,8874,47,10.95652174,1,20.904761899999997,7,69.5,0,802.6,1,d
216,4652,8907,14,71.92307692,1,1.0,4,91.33333333,0,86.5,0,c
217,4668,8961,11,37.6,1,1.0,1,0.0,0,0.0,0,a
218,4670,8967,42,28.46341463,1,1.0,4,61.66666667,0,367.0,0,a
219,4694,9079,17,33.0625,1,92.48888889,1,0.0,0,0.0,1,c
220,4707,9174,27,41.84615385,1,52.66666667,6,84.0,1,523.6666667,0,d
221,4717,9212,21,1.35,1,27.4,1,0.0,0,130.0,0,b
222,4769,9398,36,9.542857142999999,1,1.0,4,384.0,0,306.25,1,c
223,4820,9583,297,1.898648649,0,1.0,0,0.0,0,0.0,0,a
224,4825,9605,46,21.31111111,0,15.71186441,3,302.0,0,527.8888889,0,d
225,4843,9658,14,44.15384615,1,4.034482758999999,1,0.0,0,113.0,0,c
226,4875,9787,126,11.376,0,53.58333333,0,0.0,0,0.0,1,a
227,4910,9945,134,8.052631579,1,28.91666667,11,67.0,1,264.5,0,d
228,4923,50011,106,13.77142857,0,8.580645161,1,0.0,0,0.0,1,a
229,4926,50028,77,34.88157895,1,11.9,3,167.5,0,98.5,1,a
230,4932,50054,19,41.16666667,1,1.0,3,25.5,0,403.7142857,0,c
231,4944,50096,80,7.164556962000001,1,25.9,5,75.25,0,404.3333333,0,a
232,4956,50144,14,60.23076923,1,1.0,1,0.0,0,0.0,0,c
233,4970,50207,24,16.08695652,0,79.15853659,3,66.0,0,1006.4,0,b
234,4982,50293,86,16.95294118,0,1.0,0,0.0,0,0.0,0,a
235,4983,50294,23,38.72727273,0,38.6025641,3,66.5,0,210.0,1,c
236,5001,50386,53,11.92307692,1,39.4,0,0.0,0,0.0,0,a
237,5019,50464,11,9.1,1,78.15384615,1,0.0,0,0.0,0,d
238,5021,50477,48,5.425531915,0,38.35714286,15,9.5,0,151.2631579,0,d
239,5053,50571,27,16.46153846,0,34.69753086,0,0.0,0,0.0,0,d
240,5060,50602,44,32.34883721,1,35.84615385,0,0.0,0,0.0,0,a
241,5061,50604,15,47.78571429,1,65.75,5,283.75,0,283.5,0,a
242,5069,50624,12,9.909090909,1,166.4705882,1,0.0,0,0.0,0,b
243,5102,50804,95,12.56382979,1,3.315789474,0,0.0,0,0.0,0,a
244,5108,50830,169,7.255952381,0,36.45,7,137.16666669999998,1,493.5,0,a
245,5127,50949,36,39.57142857,0,40.59259259,4,55.33333333,0,86.33333333,0,d
246,5145,51023,24,67.30434783,0,5.4117647060000005,1,0.0,0,0.0,0,a
247,5188,51216,44,20.65116279,1,5.0,7,80.66666667,1,230.0,0,c
248,5200,51274,20,21.15789474,0,1.0,1,0.0,0,0.0,1,d
249,5222,51363,50,25.12244898,0,1121.527778,1,0.0,0,0.0,0,a
250,5244,51455,16,94.53333333,1,32.46153846,1,0.0,0,0.0,0,d
251,5259,51498,91,21.1,0,49.56521739,4,167.0,0,506.5,0,a
252,5265,51526,56,39.58181818,1,2.148148148,7,393.1666667,0,516.8888889,1,a
253,5295,51643,13,66.83333333,0,13.94666667,0,0.0,0,0.0,0,a
254,5346,51883,678,2.0709010340000003,0,1.0,22,75.14285714,1,143.5,0,c
255,5390,36154,52,7.764705882,1,1.0,0,0.0,0,0.0,0,d
256,5403,36241,24,16.43478261,1,2.413043478,7,40.5,1,236.8,0,d
257,5459,36558,11,14.4,0,11.02714932,7,66.0,0,92.0,0,c
258,5487,36760,50,21.51020408,0,1.0,7,198.83333330000002,0,214.5,0,d
259,5490,36766,16,23.06666667,1,27.0,1,0.0,0,0.0,1,d
260,5515,36890,22,10.71428571,1,35.82075472,5,58.25,0,120.1428571,1,b
261,5523,36927,29,1.0,1,1.0,3,9.5,0,1055.666667,0,d
262,5536,36977,37,30.36111111,1,28.25925926,11,107.0,1,190.33333330000002,0,d
263,5538,36990,28,32.62962963,0,6.75,1,0.0,0,0.0,1,a
264,5542,37006,574,2.645724258,0,107.0909091,1,0.0,0,0.0,1,a
265,5657,37521,765,2.1688481680000002,0,65.91891892,6,189.0,1,270.5,0,a
266,5673,37611,123,9.81147541,0,17.47368421,4,16.66666667,0,414.5,0,d
267,5727,37840,419,3.581339713,1,51.8,10,156.77777780000002,1,78.8,1,a
268,5728,37840,419,3.581339713,1,51.8,10,156.77777780000002,1,78.8,1,a
269,5746,37903,12,56.63636364,1,84.25,7,109.0,0,236.33333330000002,1,d
270,5783,12096,651,2.02,1,85.77358491,21,62.9,1,277.875,0,d
271,5800,12192,40,26.76923077,0,138.83098590000003,1,0.0,0,0.0,0,c
272,5810,12216,16,21.86666667,1,1.0,1,0.0,0,27.0,0,d
273,5859,12447,19,14.83333333,1,82.0,1,0.0,0,0.0,0,c
274,5962,12900,33,33.375,0,1.0,0,0.0,0,0.0,0,d
275,5989,13018,15,10.78571429,1,13.20740741,1,0.0,0,0.0,1,d
276,6004,13074,38,30.43243243,0,41.06306306,6,227.4,1,414.0,0,c
277,6026,13197,53,8.153846154,0,5.6363636360000005,12,10.27272727,1,150.93333330000002,1,d
278,6027,13199,55,20.44444444,1,146.65384619999998,10,66.55555556,1,223.63636359999998,0,c
279,6032,13221,111,12.74545455,0,1.0,6,99.8,1,364.6666667,0,d
280,6048,13291,43,26.54761905,1,1.0,0,0.0,0,0.0,0,a
281,6054,13317,11,25.4,1,81.57142857,3,221.0,0,154.5,0,b
282,6073,13347,32,26.19354839,0,69.04201681,0,0.0,0,0.0,0,a
283,6151,13704,27,16.92307692,1,1.158333333,3,38.5,0,81.0,0,a
284,6163,13750,14,27.0,1,58.6875,0,0.0,0,0.0,0,c
285,6179,13814,54,3.4905660380000003,0,45.86842105,3,10.5,0,350.3333333,1,d
286,6219,13957,68,18.53731343,1,37.21428571,0,0.0,0,0.0,0,a
287,6228,13995,107,2.745283019,1,28.93939394,0,0.0,0,0.0,1,a
288,6281,42188,14,6.0,1,11.59090909,7,3.5,0,365.0,0,c
289,6301,42285,20,40.42105263,1,3.454545455,0,0.0,0,0.0,0,d
290,6309,42349,60,10.71186441,1,42.06666667,1,0.0,0,0.0,0,a
291,6311,42355,49,10.625,0,30.46341463,16,35.26666667,0,154.66666669999998,1,d
292,6312,42355,49,10.625,0,30.46341463,16,35.26666667,0,154.66666669999998,1,d
293,6313,42355,49,10.625,0,30.46341463,16,35.26666667,0,154.66666669999998,1,d
294,6352,42543,22,4.619047619,1,3.0,5,22.75,0,168.16666669999998,1,b
295,6353,42543,22,4.619047619,1,3.0,5,22.75,0,168.16666669999998,1,b
296,6388,42685,472,2.076433121,0,1.0,7,37.33333333,0,360.8333333,0,c
297,6394,42705,32,36.54838710000001,1,1.0,3,208.0,0,288.0,0,a
298,6406,42748,51,30.22,1,1.0,1,0.0,0,0.0,0,c
299,6458,42934,12,14.0,0,1.226666667,7,12.66666667,0,178.4375,1,c
300,6473,42974,212,4.900473934,0,29.64285714,0,0.0,0,0.0,0,a
301,6481,42997,12,14.27272727,1,38.07142857,0,0.0,0,0.0,0,c
302,6501,43085,35,23.88235294,1,74.23333333,0,0.0,0,0.0,0,a
303,6528,43206,20,13.42105263,0,31.94117647,3,353.5,0,83.5,1,b
304,6541,43273,113,4.008928571,0,136.2,8,52.28571429,1,389.75,0,d
305,6601,43584,19,9.722222222000001,0,3.4375,3,55.5,0,315.2,0,b
306,6649,43705,336,0.37611940299999996,0,79.4375,4,73.66666667,0,134.5,0,d
307,6660,43739,89,10.14772727,1,35.0,19,53.83333333,1,333.0,1,b
308,6664,43761,65,8.578125,0,131.1927273,14,16.61538462,1,156.875,1,d
309,6665,43761,65,8.578125,0,131.1927273,14,16.61538462,1,156.875,1,d
310,6666,43761,65,8.578125,0,131.1927273,14,16.61538462,1,156.875,1,d
311,6728,4031,32,31.74193548,1,47.375,5,184.25,0,266.5,0,c
312,6747,4132,27,4.346153846,1,15.12345679,1,0.0,0,42.0,1,d
313,6748,4132,27,4.346153846,1,15.12345679,1,0.0,0,42.0,1,d
314,6760,4184,33,6.28125,0,36.35483871,0,0.0,0,0.0,0,c
315,6764,4192,104,9.902912621,0,9.44,0,0.0,0,0.0,0,a
316,6765,4193,17,20.0625,1,1.0,1,0.0,0,482.0,1,c
317,6834,4517,58,6.561403509,1,14.15789474,24,24.39130435,0,111.0,1,d
318,6855,4606,67,11.77272727,1,17.52941176,1,0.0,0,57.0,1,d
319,6893,4796,14,35.38461538,0,1.0,1,0.0,0,0.0,0,a
320,6904,4831,40,26.69230769,1,1.0,4,123.66666670000001,0,270.8888889,1,c
321,6921,4897,29,29.14285714,1,22.64705882,1,0.0,0,0.0,1,b
322,6935,4983,36,12.51428571,1,1.0,0,0.0,0,0.0,0,d
323,6939,5004,42,12.48780488,1,35.11111111,0,0.0,0,0.0,0,b
324,6964,5096,128,8.811023622,1,10.0,1,0.0,0,0.0,0,d
325,6985,5169,11,29.7,1,35.72222222,0,0.0,0,0.0,0,b
326,6986,5170,74,23.91780822,1,115.07692309999999,4,143.33333330000002,0,604.0,0,b
327,6991,5196,12,56.72727273,1,41.30208333,0,0.0,0,0.0,1,d
328,6995,5215,50,17.46938776,0,378.776699,0,0.0,0,0.0,1,c
329,6998,5227,56,25.34545455,0,46.76923077,6,201.8,1,231.7777778,1,c
330,7034,5406,13,47.83333333,1,108.8095238,1,0.0,0,0.0,0,a
331,7038,5422,136,9.911111111,0,21.0,4,328.3333333,0,135.0,0,d
332,7067,5548,155,5.181818182,1,1.0,3,23.5,0,134.5,0,d
333,7079,5611,73,8.736111111,0,1.0,3,151.5,0,403.6666667,0,d
334,7089,5657,13,77.41666667,1,26.60869565,1,0.0,0,0.0,0,d
335,7111,5782,65,11.890625,1,1.0,3,5.0,0,622.0,0,c
336,7114,5791,45,6.477272727000001,1,1.0,24,61.30434783,0,173.75,1,d
337,7123,5827,23,23.40909091,1,13.26086957,0,0.0,0,0.0,1,d
338,7124,5827,23,23.40909091,1,13.26086957,0,0.0,0,0.0,1,d
339,7125,5827,23,23.40909091,1,13.26086957,0,0.0,0,0.0,1,d
340,7165,5985,19,21.33333333,0,21.36842105,14,28.23076923,1,102.81818179999999,1,d
341,7166,5985,19,21.33333333,0,21.36842105,14,28.23076923,1,102.81818179999999,1,d
342,7229,1215,14,24.0,1,16.63636364,4,91.0,0,371.6666667,1,b
343,7233,1233,29,24.46428571,1,1.5875,0,0.0,0,0.0,0,d
344,7241,1288,218,7.5806451610000005,0,93.72413793,4,324.3333333,0,258.1666667,0,a
345,7249,1318,48,29.46808511,1,14.65517241,4,252.66666669999998,0,372.0,0,d
346,7261,137,59,8.810344828,1,1.0,4,89.0,0,426.8,1,c
347,7267,1419,14,15.76923077,1,6.549019607999999,0,0.0,0,0.0,1,d
348,7281,1489,27,40.0,1,62.54545455,0,0.0,0,0.0,0,c
349,7283,1500,17,76.0625,1,35.72222222,0,0.0,0,0.0,1,a
350,7289,152,34,16.42424242,0,15.58333333,0,0.0,0,0.0,0,a
351,7290,1526,74,21.35616438,0,7.4193548389999995,0,0.0,0,0.0,0,b
352,7309,16,21,29.25,1,2.904761905,1,0.0,0,0.0,0,d
353,7312,1610,40,8.846153846,0,4.052631579,3,118.5,0,375.7333333,0,c
354,7330,1690,32,19.87096774,1,34.46153846,0,0.0,0,0.0,0,a
355,7371,1854,53,13.48076923,0,11.2173913,0,0.0,0,0.0,0,c
356,7440,370,76,7.426666667,1,49.5,7,86.83333333,1,786.1111111,1,c
357,7479,56,116,7.426086957000001,0,11.48148148,1,0.0,0,0.0,0,c
358,7520,706,55,7.796296296,1,16.90909091,1,0.0,0,121.0,0,a
359,7576,967,67,12.54545455,0,5.869565217000001,19,46.55555556,0,468.2,0,d
360,7582,981,66,18.27692308,1,105.41666670000001,3,383.5,0,452.0,1,c
361,7601,46078,223,4.540540541,0,24.27272727,10,53.0,0,138.2,1,d
362,7602,46078,223,4.540540541,0,24.27272727,10,53.0,0,138.2,1,d
363,7612,46119,87,16.11627907,0,47.71428571,4,172.66666669999998,0,367.7272727,0,b
364,7646,46272,14,56.61538462,1,1.8,3,125.5,0,584.4285714,0,d
365,7655,46315,15,19.57142857,1,1.0,3,111.5,0,107.5,0,d
366,7696,46472,196,5.261538462,1,279.0666667,5,211.0,0,81.5,0,a
367,7700,46485,20,30.26315789,0,175.5,1,0.0,0,0.0,0,c
368,7747,46710,207,7.898058252,1,2.5625,0,0.0,0,0.0,0,c
369,7786,46922,13,5.916666667,1,163.7894737,0,0.0,0,0.0,0,d
370,7797,46967,211,10.15238095,0,44.5625,5,138.25,0,577.0,0,a
371,7806,47016,342,2.739002933,0,1.0,6,151.8,1,443.0,0,d
372,7843,47176,20,34.0,0,1.0,3,79.5,0,282.0,1,c
373,7847,47190,46,14.24444444,1,11.91176471,5,85.25,0,464.66666669999995,0,d
374,7868,47267,97,9.072916667000001,1,44.2,0,0.0,0,0.0,0,d
375,7899,47415,41,12.775,1,94.53846154,0,0.0,0,0.0,1,c
376,7900,47415,41,12.775,1,94.53846154,0,0.0,0,0.0,1,c
377,7949,47707,133,4.121212121,0,60.47530864,15,13.85714286,0,269.3333333,1,d
378,7956,47723,18,13.82352941,1,1.0,0,0.0,0,0.0,0,c
379,7969,47817,12,33.81818182,0,5.416666667,4,171.33333330000002,0,255.66666669999998,1,a
380,8098,14406,18,0.470588235,0,4.1111111110000005,0,0.0,0,0.0,0,a
381,8117,14492,11,5.7,0,56.3,5,11.0,0,335.6206897,0,d
382,8125,14542,12,38.90909091,1,24.26666667,1,0.0,0,0.0,0,c
383,8129,14574,22,7.428571429,0,1.0,4,19.66666667,0,248.8,1,d
384,8144,14623,14,23.76923077,1,1.539325843,4,37.33333333,0,24.0,0,c
385,8146,14635,18,40.05882353,1,23.66666667,1,0.0,0,0.0,0,c
386,8147,14637,52,19.0,0,18.28991597,0,0.0,0,0.0,0,a
387,8224,15000,24,13.52173913,1,1.0,6,84.2,1,184.0,0,d
388,8235,15033,18,75.64705882,0,10.16,0,0.0,0,0.0,0,a
389,8259,15127,23,27.90909091,1,8.444444444,1,0.0,0,0.0,1,c
390,8264,15152,14,63.23076923,0,4.4,1,0.0,0,0.0,0,c
391,8265,15163,28,33.11111111,1,1.0,7,107.0,1,172.4,1,d
392,8266,15163,28,33.11111111,1,1.0,7,107.0,1,172.4,1,d
393,8273,15195,24,56.34782609,1,28.61904762,3,833.0,0,1209.75,1,c
394,8311,15355,27,51.88461538,1,80.8,0,0.0,0,0.0,0,a
395,8325,15416,44,6.441860465,0,1.0,1,0.0,0,0.0,0,d
396,8356,15566,31,31.36666667,0,1.981132075,1,0.0,0,0.0,0,d
397,8364,15611,13,58.66666667,1,1.0,5,92.5,0,103.5,1,d
398,8387,15696,12,32.09090909,1,49.18918919,0,0.0,0,0.0,0,b
399,8402,15769,256,6.494117647,0,161.2631579,5,50.75,0,477.85714289999993,0,a
400,8429,15870,13,17.66666667,1,114.87640449999999,1,0.0,0,0.0,1,c
401,8444,15914,27,42.46153846,1,1.5789473680000001,3,163.0,0,96.66666667,1,d
402,8460,15979,144,2.1818181819999998,0,70.6,1,0.0,0,0.0,1,d
403,8462,15984,11,32.7,0,13.84507042,0,0.0,0,0.0,1,a
404,8478,38058,97,2.28125,0,50.91666667,3,0.0,0,259.5,0,a
405,8504,38184,41,9.825,1,26.83333333,10,38.11111111,0,271.5,1,d
406,8505,38184,41,9.825,1,26.83333333,10,38.11111111,0,271.5,1,d
407,8553,38379,31,69.96666667,1,22.86725664,3,928.0,0,462.4,1,a
408,8576,38518,24,14.34782609,0,50.4,17,24.9375,0,419.66666669999995,0,a
409,8580,38526,14,37.76923077,1,39.23076923,5,119.75,0,268.9166667,1,d
410,8584,38533,65,17.0625,0,71.38235294,0,0.0,0,0.0,0,d
411,8604,38629,13,126.25,1,33.10810811,7,144.66666669999998,1,252.0,1,d
412,8605,38629,13,126.25,1,33.10810811,7,144.66666669999998,1,252.0,1,d
413,8727,39188,94,14.50537634,1,9.416666667000001,1,0.0,0,0.0,0,d
414,8762,39330,55,10.27777778,0,16.13793103,15,11.64285714,1,579.0,1,c
415,8763,39330,55,10.27777778,0,16.13793103,15,11.64285714,1,579.0,1,c
416,8772,39369,25,22.75,1,76.04,4,220.66666669999998,0,70.5,0,c
417,8797,39474,12,40.90909091,1,47.6,1,0.0,0,0.0,0,d
418,8802,39495,19,23.94444444,0,20.0625,1,0.0,0,0.0,0,d
419,8811,39562,30,20.37931034,0,9.4,4,199.33333330000002,0,333.6666667,1,d
420,8812,39562,30,20.37931034,0,9.4,4,199.33333330000002,0,333.6666667,1,d
421,8813,39562,30,20.37931034,0,9.4,4,199.33333330000002,0,333.6666667,1,d
422,8814,39562,30,20.37931034,0,9.4,4,199.33333330000002,0,333.6666667,1,d
423,8831,39636,21,4.55,1,13.0,8,11.42857143,1,105.375,0,c
424,8845,39703,273,4.242647058999999,0,1.0,14,58.53846154,0,586.4,0,b
425,8867,39819,24,14.60869565,1,1.0,0,0.0,0,0.0,0,d
426,8906,39980,71,0.957142857,1,8.069306931,11,58.9,0,111.33333329999999,0,b
427,8914,48007,34,38.78787879,1,14.15789474,3,486.5,0,156.5,1,d
428,8928,48083,22,43.80952381,0,11.76923077,3,4.5,0,191.4,1,c
429,8973,48276,47,29.93478261,0,1.0,1,0.0,0,0.0,0,d
430,8976,48291,26,7.24,1,1.0,4,34.33333333,0,498.0,0,d
431,8977,48293,15,25.35714286,0,16.8,0,0.0,0,0.0,1,c
432,9013,48431,139,7.376811593999999,0,3.166666667,16,57.6,0,147.33333330000002,1,d
433,9017,48461,151,8.246666667000001,1,4.333333333,11,94.7,1,441.0,1,c
434,9032,48548,33,8.40625,0,26.3,0,0.0,0,0.0,1,b
435,9037,48566,40,12.15384615,0,17.20833333,6,29.4,1,73.66666667,1,a
436,9051,48651,67,18.66666667,0,26.95833333,0,0.0,0,0.0,0,a
437,9054,48663,40,20.33333333,0,44.46666667,3,92.0,0,369.0,0,c
438,9066,48723,24,44.47826087,0,1.0,0,0.0,0,0.0,0,a
439,9109,48892,33,29.84375,0,124.3076923,1,0.0,0,0.0,1,c
440,9143,49045,28,19.81481481,0,8.285714286000001,0,0.0,0,0.0,0,d
441,9168,49202,49,4.8125,0,12.07692308,0,0.0,0,0.0,1,a
442,9172,49219,42,29.48780488,1,7.802631579,3,32.5,0,116.0,1,d
443,9173,49219,42,29.48780488,1,7.802631579,3,32.5,0,116.0,1,d
444,9198,49333,15,31.71428571,0,4.4,1,0.0,0,0.0,0,d
445,9272,49639,22,68.19047619,1,18.36363636,4,382.3333333,0,232.5,0,a
446,9282,49677,14,77.76923077,1,48.25,0,0.0,0,0.0,0,c
447,9291,49714,133,9.492424242,0,40.16129032,6,197.4,1,283.25,1,b
448,9301,49779,13,19.75,1,7.1,0,0.0,0,0.0,0,c
449,9332,49903,39,6.342105263,1,90.44303797,3,9.0,0,344.2857143,0,c
450,9356,49975,33,44.71875,1,7.090909091,1,0.0,0,0.0,1,d
451,9400,10146,39,10.60526316,1,9.933333333,0,0.0,0,0.0,1,d
452,9403,10171,54,19.66037736,0,1.0,3,376.5,0,486.92307689999996,0,c
453,9421,10276,154,7.718954247999999,0,5.615384615,7,66.33333333,1,47.5,0,d
454,9422,10283,35,33.44117647,1,42.09090909,3,152.0,0,175.0,1,d
455,9423,10287,37,37.05555556,0,57.82142857,4,430.66666669999995,0,498.0,0,a
456,9438,10360,53,22.90384615,0,56.57142857,5,139.75,0,247.23076919999997,1,c
457,9446,10400,112,9.423423423,1,22.92307692,5,165.75,0,89.4,1,d
458,9504,10701,27,40.73076923,1,36.4,1,0.0,0,0.0,0,c
459,9517,10753,30,13.34482759,1,26.73088235,4,34.66666667,0,295.8,0,c
460,9523,10799,79,14.43589744,0,19.10638298,20,33.10526316,1,325.0,0,a
461,9534,10835,32,25.96774194,0,64.0,6,65.8,1,27.5,1,d
462,9535,10835,32,25.96774194,0,64.0,6,65.8,1,27.5,1,d
463,9540,10869,296,6.301694915,0,143.41666669999998,3,699.5,0,196.33333330000002,1,c
464,9541,10869,296,6.301694915,0,143.41666669999998,3,699.5,0,196.33333330000002,1,c
465,9542,10869,296,6.301694915,0,143.41666669999998,3,699.5,0,196.33333330000002,1,c
466,9547,10914,21,53.15,0,4.7647058819999994,1,0.0,0,0.0,0,c
467,9567,10977,139,7.369565217000001,0,44.9,3,172.0,0,491.4,1,d
468,9673,11349,28,16.11111111,1,5.909090909,6,17.4,1,134.0,0,b
469,9695,11455,42,17.09756098,0,23.85106383,1,0.0,0,0.0,0,b
470,9697,11464,16,84.06666667,0,146.5294118,4,30.0,0,129.5,1,a
471,9715,11534,25,53.20833333,1,25.5,7,159.33333330000002,1,661.5,1,d
472,9716,11534,25,53.20833333,1,25.5,7,159.33333330000002,1,661.5,1,d
473,9787,11885,40,9.615384615,1,127.11038959999999,3,100.0,0,148.625,1,d
474,9794,11907,11,46.6,0,16.0,7,26.83333333,1,284.5,1,d
475,9811,11978,30,14.55172414,1,86.09375,8,50.85714286,0,180.5,0,d
476,9822,44029,15,30.07142857,1,41.07692308,3,61.5,0,174.33333330000002,0,d
477,9871,44264,58,20.42105263,0,32.76923077,5,123.75,0,282.0909091,0,a
478,9872,44265,30,13.55172414,1,59.36363636,4,73.0,0,438.2,0,b
479,9901,44360,213,4.839622642,0,1.0,9,63.5,1,196.0,1,d
480,9942,44582,21,44.25,1,37.47058824,1,0.0,0,0.0,1,d
481,9969,44705,43,16.78571429,1,2.272727273,0,0.0,0,0.0,0,d
482,9979,44747,12,46.18181818,0,7.87804878,0,0.0,0,0.0,1,d
483,9990,44773,27,16.23076923,1,1.0,1,0.0,0,0.0,0,c
484,9991,44776,36,6.0571428570000005,1,43.03448276,4,136.0,0,102.66666670000001,0,d
485,10034,45051,12,41.0,0,1.0,0,0.0,0,0.0,0,d
486,10039,45072,25,37.83333333,1,1.0,12,91.09090909,1,45.5,1,d
487,10040,45072,25,37.83333333,1,1.0,12,91.09090909,1,45.5,1,d
488,10044,45096,38,37.91891892,1,26.0,4,47.0,0,1328.333333,1,d
489,10084,45222,11,77.0,1,1.0,3,258.5,0,308.0,1,c
490,10096,45266,27,18.80769231,1,7.490196077999999,5,150.5,0,184.27777780000002,0,c
491,10115,45351,62,15.50819672,1,25.8,6,177.0,1,282.57142860000005,1,d
492,10118,45356,86,11.28235294,1,1.0,0,0.0,0,0.0,0,a
493,10128,45401,44,18.02325581,1,83.7,5,120.25,0,379.25,0,d
494,10133,45433,104,11.66990291,0,1.0,3,39.0,0,337.8333333,0,a
495,10140,45455,17,44.5,1,58.5,7,109.83333329999999,1,73.5,1,c
496,10150,45477,15,71.0,1,1.0,0,0.0,0,0.0,1,c
497,10156,45509,95,12.5212766,1,24.09090909,1,0.0,0,0.0,0,c
498,10242,45966,117,8.215517241,0,113.62962959999999,3,410.0,0,782.8571429,0,a
499,10265,2071,11,93.9,0,16.14285714,0,0.0,0,0.0,1,a
500,10271,2103,51,21.68,0,6.847457627000001,3,119.0,0,409.3333333,0,a
501,10289,2205,48,29.34042553,1,50.45454545,11,203.2,0,260.0,1,c
502,10329,2370,19,60.44444444,0,13.33333333,3,66.0,0,168.25,0,d
503,10347,2435,243,7.095041322,1,1.0,4,412.6666667,0,170.5,0,a
504,10385,2655,16,46.26666667,1,32.16521739,3,21.0,0,143.0,0,d
505,10388,2667,43,6.880952381,1,10.82574257,1,0.0,0,0.0,0,c
506,10417,2835,281,3.060714286,0,23.82352941,23,38.18181818,0,182.0,1,d
507,10418,2835,281,3.060714286,0,23.82352941,23,38.18181818,0,182.0,1,d
508,10421,2853,30,36.37931034,1,29.46153846,1,0.0,0,0.0,0,d
509,10455,3032,26,13.56,1,20.2173913,4,88.33333333,0,177.36363640000002,0,d
510,10493,3236,124,5.463414633999999,0,1.3,3,141.5,0,63.0,0,d
511,10517,3344,66,18.06153846,0,8.166666667000001,0,0.0,0,0.0,0,a
512,10534,3402,13,18.25,1,115.1507937,0,0.0,0,0.0,1,d
513,10604,3700,11,105.9,1,18.05263158,0,0.0,0,0.0,0,d
514,10614,3730,26,29.48,0,2.285714286,7,99.0,0,287.6666667,0,d
515,10653,3973,177,4.255681818,0,67.27906977,5,119.25,0,289.0,0,d
516,10697,6198,121,10.75833333,0,56.62962963,3,107.5,0,114.75,0,a
517,10706,6234,11,45.5,1,6.181818182000001,1,0.0,0,0.0,0,c
518,10722,6317,11,12.7,1,24.25454545,1,0.0,0,0.0,1,d
519,10734,6370,218,7.543778802,1,10.51612903,16,100.0,1,1268.909091,1,c
520,10737,6375,30,47.34482759,1,15.42857143,1,0.0,0,425.0,1,a
521,10769,6537,16,17.4,0,139.2727273,5,65.75,0,267.4285714,1,d
522,10770,6537,16,17.4,0,139.2727273,5,65.75,0,267.4285714,1,d
523,10840,6826,16,22.8,1,1.0,0,0.0,0,0.0,1,d
524,10858,6949,98,12.55670103,0,96.87301587,1,0.0,0,72.0,0,a
525,10873,6987,37,6.694444444,0,6.0,5,22.0,0,166.66666669999998,0,a
526,10876,7007,140,8.381294964,0,1.0,3,100.5,0,237.0,1,d
527,10877,7007,140,8.381294964,0,1.0,3,100.5,0,237.0,1,d
528,10928,7241,15,44.92857143,1,1.0,3,21.5,0,726.25,0,d
529,10939,7312,14,67.69230769,1,17.86666667,0,0.0,0,0.0,1,b
530,10946,7371,15,21.35714286,1,50.13103448,1,0.0,0,0.0,0,d
531,10969,7489,39,11.94736842,1,3.5,3,198.0,0,360.0,0,d
532,11003,7658,44,31.60465116,1,1.2,3,43.0,0,1453.0,0,a
533,11004,7662,55,17.40740741,1,30.53333333,10,72.66666667,1,394.6666667,0,a
534,11035,7801,30,24.93103448,1,1.882352941,1,0.0,0,0.0,0,b
535,11046,7864,29,26.5,1,8.655172413999999,0,0.0,0,0.0,0,d
536,11060,7904,17,48.375,1,111.8125,7,58.0,1,225.0,0,d
537,11095,40034,16,16.06666667,1,1.0,13,12.91666667,1,160.0,0,c
538,11121,40130,26,41.36,1,131.5454545,4,189.66666669999998,0,344.4,1,a
539,11137,40225,42,29.17073171,0,70.90322581,5,67.75,0,766.0,1,d
540,11138,40225,42,29.17073171,0,70.90322581,5,67.75,0,766.0,1,d
541,11139,40225,42,29.17073171,0,70.90322581,5,67.75,0,766.0,1,d
542,11187,40424,41,31.1,1,1.0,0,0.0,0,0.0,0,b
543,11192,40448,32,18.0,1,2.928571429,3,80.5,0,240.6,0,d
544,11210,40522,32,27.06451613,1,1.0,0,0.0,0,0.0,0,d
545,11252,40703,12,19.18181818,1,47.21428571,7,35.66666667,0,852.75,1,d
546,11262,40756,12,82.54545455,1,89.15,4,320.0,0,511.0,1,d
547,11277,40823,35,17.5,1,78.2,7,112.16666670000001,1,260.2,0,c
548,11306,40919,24,62.17391304,1,3.526315789,1,0.0,0,0.0,0,c
549,11323,40976,59,32.43103448,0,11.1625,1,0.0,0,0.0,0,a
550,11342,41059,152,10.01324503,1,131.2,1,0.0,0,0.0,0,d
551,11370,41192,93,14.20652174,0,1.4166666669999999,0,0.0,0,0.0,1,a
552,11448,41528,30,26.62068966,0,5.452380952,0,0.0,0,0.0,1,d
553,11497,41711,114,10.56637168,1,3.157894737,1,0.0,0,0.0,0,a
554,11587,-20235,37,33.38888889,0,111.8205128,0,0.0,0,0.0,0,e
555,11596,-20312,16,50.6,1,44.61290323,0,0.0,0,0.0,0,e
556,11599,-20317,14,7.923076922999999,0,27.42424242,0,0.0,0,0.0,0,e
557,11720,-21126,15,62.21428571,1,184.83333330000002,0,0.0,0,0.0,0,e
558,11729,-21161,146,8.882758621,0,82.22580645,0,0.0,0,0.0,0,e
559,11755,-21266,15,10.0,1,114.3571429,0,0.0,0,0.0,0,e
560,11783,-21442,91,7.8888888889999995,0,58.47605634,0,0.0,0,0.0,0,e
561,11837,-21780,22,26.61904762,1,140.55102040000003,0,0.0,0,0.0,0,e
562,11868,-21916,20,57.84210526,1,74.61111111,0,0.0,0,0.0,0,e
563,11882,-21966,16,39.73333333,1,23.63546798,0,0.0,0,0.0,0,e
564,11897,-24037,11,19.6,1,28.49659864,0,0.0,0,0.0,0,e
565,11907,-24094,13,9.25,0,24.97727273,0,0.0,0,0.0,0,e
566,11920,-24177,43,37.73809524,0,147.64705880000002,0,0.0,0,0.0,0,e
567,11923,-24256,14,72.46153846,0,108.9146341,0,0.0,0,0.0,0,e
568,11984,-24561,22,10.85714286,1,207.66666669999998,0,0.0,0,0.0,0,e
569,11995,-24622,53,6.980769231,0,79.83333333,0,0.0,0,0.0,0,e
570,12046,-24909,12,141.5454545,0,69.03030303,0,0.0,0,0.0,0,e
571,12091,-25118,276,4.018181818,0,97.5,6,37.8,1,828.5555555999999,0,e
572,12098,-25153,22,6.666666667,1,46.032608700000004,0,0.0,0,0.0,0,e
573,12105,-25189,11,25.8,0,25.90697674,1,0.0,0,116.0,0,e
574,12134,-25350,23,50.68181818,1,12.44444444,0,0.0,0,0.0,0,e
575,12146,-25395,11,129.8,1,3.0681818180000002,0,0.0,0,0.0,0,e
576,12159,-25462,33,39.125,1,120.4761905,0,0.0,0,0.0,0,e
577,12162,-25496,17,86.4375,1,153.3571429,3,12.5,0,236.33333330000002,0,e
578,12200,-25695,11,53.1,1,35.6,0,0.0,0,0.0,0,e
579,12240,-25882,11,123.1,1,72.24390244,0,0.0,0,0.0,0,e
580,12269,-16070,158,2.853503185,0,87.41666667,0,0.0,0,0.0,0,e
581,12321,-16354,35,17.79411765,0,128.2988095,0,0.0,0,0.0,0,e
582,12357,-16562,18,22.82352941,1,1.2053824359999998,0,0.0,0,0.0,0,e
583,12397,-16787,22,53.42857143,1,221.509434,0,0.0,0,0.0,0,e
584,12422,-16934,11,22.7,1,37.0,0,0.0,0,0.0,0,e
585,12434,-17019,24,4.2173913039999995,0,23.75,1,0.0,0,0.0,0,e
586,12439,-17042,21,32.85,1,57.03787879,1,0.0,0,0.0,0,e
587,12472,-17222,42,8.902439024,0,75.95652174,0,0.0,0,0.0,0,e
588,12475,-17231,30,37.41379310000001,0,9.272727273,0,0.0,0,0.0,0,e
589,12498,-17392,14,25.53846154,1,14.02105263,0,0.0,0,0.0,0,e
590,12564,-17683,196,7.687179487000001,1,22.34645669,1,0.0,0,0.0,0,e
591,12573,-17730,77,12.46052632,0,50.35555556,0,0.0,0,0.0,0,e
592,12627,-32018,97,13.4375,1,21.72727273,0,0.0,0,0.0,0,e
593,12632,-32041,14,3.076923077,1,36.30232558,0,0.0,0,0.0,0,e
594,12674,-32278,16,5.933333332999999,1,50.64179104,0,0.0,0,0.0,0,e
595,12713,-32500,13,7.583333333,1,54.86363636,0,0.0,0,0.0,0,e
596,12732,-32661,13,27.75,1,95.91666667,0,0.0,0,0.0,0,e
597,12737,-32675,11,18.3,1,189.4,0,0.0,0,0.0,0,e
598,12739,-32702,29,49.92857143,0,100.5,0,0.0,0,0.0,0,e
599,12748,-32753,34,34.66666667,1,34.79872204,0,0.0,0,0.0,0,e
600,12763,-32813,22,10.47619048,1,52.64,0,0.0,0,0.0,0,e
601,12804,-32997,11,0.4,1,40.15879265,0,0.0,0,0.0,0,e
602,12809,-33025,18,64.23529412,1,27.51807229,0,0.0,0,0.0,0,e
603,12860,-33260,51,6.2,0,7.876404494,1,0.0,0,0.0,0,e
604,12895,-33482,12,38.09090909,0,68.65048544,0,0.0,0,0.0,0,e
605,12900,-33512,14,24.07692308,0,69.46774194,0,0.0,0,0.0,0,e
606,12960,-33866,113,11.5,0,60.96774194,3,770.5,0,339.3703704,0,e
607,12986,-60038,18,30.82352941,1,60.14285714,0,0.0,0,0.0,0,e
608,12987,-60040,16,29.06666667,1,181.3,0,0.0,0,0.0,0,e
609,13001,-60122,11,54.1,0,104.03149609999998,0,0.0,0,0.0,0,e
610,13034,-60344,171,2.570588235,0,60.83157895,0,0.0,0,0.0,0,e
611,13042,-60371,14,58.76923077,1,31.06643357,0,0.0,0,0.0,0,e
612,13096,-54245,40,46.79487179,0,11.65116279,0,0.0,0,0.0,0,e
613,13123,-54409,16,7.666666667,1,10.82758621,0,0.0,0,0.0,0,e
614,13132,-54458,13,17.33333333,1,106.2191781,0,0.0,0,0.0,0,e
615,13190,-54840,19,17.83333333,0,55.88588589,0,0.0,0,0.0,0,e
616,13266,-55231,17,28.5625,1,201.4615385,0,0.0,0,0.0,0,e
617,13300,-55387,11,102.9,1,58.12280702,0,0.0,0,0.0,0,e
618,13379,-55889,12,106.2727273,1,41.45454545,0,0.0,0,0.0,0,e
619,13395,-28009,27,3.807692308,0,163.17142859999998,3,63.0,0,186.75,0,e
620,13404,-28067,58,1.561403509,1,19.07142857,1,0.0,0,0.0,0,e
621,13417,-28117,13,78.16666667,1,78.71428571,1,0.0,0,0.0,0,e
622,13434,-28185,82,10.24691358,0,55.46745562,0,0.0,0,0.0,0,e
623,13440,-28228,27,34.92307692,1,35.46478873,0,0.0,0,0.0,0,e
624,13457,-28326,70,8.652173913,0,10.85135135,0,0.0,0,0.0,0,e
625,13470,-28419,15,90.71428571,1,39.5106383,0,0.0,0,0.0,0,e
626,13472,-28429,12,29.72727273,0,27.67567568,0,0.0,0,0.0,0,e
627,13486,-28491,136,13.303703699999998,1,17.17241379,0,0.0,0,0.0,0,e
628,13520,-28681,27,59.07692308,1,127.6326531,3,221.5,0,231.33333330000002,0,e
629,13543,-28840,20,16.47368421,1,25.5,0,0.0,0,0.0,0,e
630,13548,-28853,4153,0.096339114,0,47.54838710000001,0,0.0,0,0.0,0,e
631,13565,-28952,76,1.3733333330000002,0,17.68707483,0,0.0,0,0.0,0,e
632,13578,-29033,61,2.566666667,1,63.33333333,0,0.0,0,0.0,0,e
633,13597,-29175,19,51.0,1,23.86956522,0,0.0,0,0.0,0,e
634,13599,-29191,36,35.94285714,1,98.57142857,0,0.0,0,0.0,0,e
635,13610,-29252,39,22.42105263,1,24.51399491,0,0.0,0,0.0,0,e
636,13638,-29432,12,80.18181818,1,49.46428571,0,0.0,0,0.0,0,e
637,13663,-29593,37,42.33333333,0,121.7454545,0,0.0,0,0.0,0,e
638,13697,-29759,36,21.45714286,0,40.0,1,0.0,0,0.0,0,e
639,13735,-29978,67,15.45454545,0,1.0,0,0.0,0,0.0,0,e
640,13741,-22022,17,3.125,0,201.76,0,0.0,0,0.0,0,e
641,13750,-22073,33,24.21875,1,11.81962865,0,0.0,0,0.0,0,e
642,13760,-22123,123,8.483606557,0,83.53846154,0,0.0,0,0.0,0,e
643,13778,-22229,16,46.33333333,1,9.795275591000001,0,0.0,0,0.0,0,e
644,13785,-22251,13,22.75,0,63.57142857,0,0.0,0,0.0,0,e
645,13793,-22278,40,44.61538462,0,18.65625,0,0.0,0,0.0,0,e
646,13815,-22427,61,1.9,0,46.81818182,0,0.0,0,0.0,0,e
647,13817,-22436,17,3.1875,1,23.98942598,0,0.0,0,0.0,0,e
648,13819,-22453,39,42.89473684,1,138.5714286,0,0.0,0,0.0,0,e
649,13853,-22662,14,2.615384615,1,9.243902439,0,0.0,0,0.0,0,e
650,13855,-22672,19,0.611111111,0,185.0,0,0.0,0,0.0,0,e
651,13871,-22789,48,31.85106383,1,39.15681234,0,0.0,0,0.0,0,e
652,13901,-22968,20,35.47368421,0,268.7857143,0,0.0,0,0.0,0,e
653,13926,-23138,11,49.2,1,37.66666667,0,0.0,0,0.0,0,e
654,13937,-23224,27,41.30769231,0,509.4545455,1,0.0,0,389.0,0,e
655,13951,-23298,35,40.26470588,0,30.83522727,0,0.0,0,0.0,0,e
656,13957,-23334,35,15.38235294,0,94.73333333,3,282.0,0,171.2,0,e
657,13972,-23427,167,1.6566265059999998,1,31.73333333,0,0.0,0,0.0,0,e
658,14028,-23745,11,0.4,1,61.64130435,0,0.0,0,0.0,0,e
659,14054,-23871,32,5.193548387,1,29.55555556,0,0.0,0,0.0,0,e
660,14056,-23877,12,36.81818182,1,5.52,0,0.0,0,0.0,0,e
661,14065,-23933,23,13.45454545,1,26.47692308,0,0.0,0,0.0,0,e
662,14080,-18026,13,29.16666667,1,132.0,0,0.0,0,0.0,0,e
663,14122,-18255,38,17.86486486,1,35.9,0,0.0,0,0.0,0,e
664,14143,-18345,20,52.84210526,1,63.59677419,0,0.0,0,0.0,0,e
665,14151,-18377,30,39.82758621,0,15.68965517,0,0.0,0,0.0,0,e
666,14163,-18434,27,41.53846154,1,68.23333333,0,0.0,0,0.0,0,e
667,14192,-18605,13,14.5,0,111.7114428,0,0.0,0,0.0,0,e
668,14226,-18850,11,3.9,1,11.93333333,0,0.0,0,0.0,0,e
669,14255,-19040,16,64.53333333,0,325.2307692,0,0.0,0,0.0,0,e
670,14273,-19166,14,61.0,0,30.77272727,0,0.0,0,0.0,0,e
671,14279,-19189,198,2.416243655,1,21.60294118,8,67.71428571,0,173.5,0,e
672,14292,-19279,57,18.0,0,17.57960644,0,0.0,0,0.0,0,e
673,14328,-19465,14,10.07692308,0,105.1388889,0,0.0,0,0.0,0,e
674,14349,-19592,33,54.25,1,8.083333332999999,0,0.0,0,0.0,0,e
675,14352,-19612,53,0.807692308,1,105.4090909,0,0.0,0,0.0,0,e
676,14359,-19643,1177,2.132653061,0,25.42222222,3,72.0,0,224.75,0,e
677,14365,-19690,33,28.25,1,67.54545455,0,0.0,0,0.0,0,e
678,14404,-19880,160,3.685534591,0,81.0875,0,0.0,0,0.0,0,e
679,14405,-19882,67,15.696969699999999,1,101.88235290000001,0,0.0,0,0.0,0,e
680,14453,-58185,26,23.28,1,15.32653061,0,0.0,0,0.0,0,e
681,14521,-58553,47,12.02173913,0,8.6,0,0.0,0,0.0,0,e
682,14530,-58616,52,16.29411765,0,29.87804878,0,0.0,0,0.0,0,e
683,14532,-58619,39,26.18421053,0,1.75,0,0.0,0,0.0,0,e
684,14543,-58675,41,31.525,1,25.95555556,0,0.0,0,0.0,0,e
685,14550,-58709,14,34.84615385,0,19.92857143,0,0.0,0,0.0,0,e
686,14563,-58791,19,80.83333333,1,76.06666667,0,0.0,0,0.0,0,e
687,14566,-58819,56,6.6363636360000005,1,86.93023256,1,0.0,0,0.0,0,e
688,14601,-59032,11,147.4,1,469.4768212,3,153.0,0,194.0,0,e
689,14648,-59250,93,21.10869565,1,43.16666667,3,350.0,0,216.26923080000003,0,e
690,14686,-59475,102,16.18811881,1,28.34615385,1,0.0,0,0.0,0,e
691,14694,-59525,67,5.621212121,0,14.5625,0,0.0,0,0.0,0,e
692,14695,-59531,11,6.4,1,158.8,0,0.0,0,0.0,0,e
693,14743,-59784,13,65.41666667,0,25.17687075,0,0.0,0,0.0,0,e
694,14754,-59849,13,106.16666670000001,1,131.6666667,0,0.0,0,0.0,0,e
695,14760,-59870,24,20.91304348,1,22.84210526,0,0.0,0,0.0,0,e
696,14786,-26026,76,11.02666667,1,16.0952381,0,0.0,0,0.0,0,e
697,14787,-26042,11,22.9,1,106.30434779999999,0,0.0,0,0.0,0,e
698,14802,-26132,20,27.52631579,1,29.70247934,0,0.0,0,0.0,0,e
699,14836,-26297,13,15.83333333,1,55.875,0,0.0,0,0.0,0,e
700,14840,-26309,22,13.19047619,1,39.7,3,0.0,0,156.66666669999998,0,e
701,14843,-26324,17,12.8125,1,52.96517413,0,0.0,0,0.0,0,e
702,14862,-26408,11,63.7,1,14.74820144,0,0.0,0,0.0,0,e
703,14867,-26449,38,30.64864865,1,70.8125,0,0.0,0,0.0,0,e
704,14876,-26482,20,30.57894737,1,68.046875,0,0.0,0,0.0,0,e
705,14911,-26687,38,34.72972973,1,319.9090909,0,0.0,0,0.0,0,e
706,14922,-26789,16,66.46666667,1,92.71656051,0,0.0,0,0.0,0,e
707,14924,-26791,22,22.095238100000003,1,110.79166670000001,0,0.0,0,0.0,0,e
708,14990,-27195,37,23.63888889,1,68.92857143,0,0.0,0,0.0,0,e
709,15003,-27298,51,21.22,1,5.862470862,0,0.0,0,0.0,0,e
710,15004,-27305,18,37.76470588,0,89.84210526,0,0.0,0,0.0,0,e
711,15045,-27527,70,20.20289855,0,47.36797753,3,411.0,0,28.66666667,0,e
712,15055,-27592,185,1.032608696,0,19.45454545,0,0.0,0,0.0,0,e
713,15105,-27889,35,5.441176471,1,61.95412844,0,0.0,0,0.0,0,e
714,15107,-27904,17,64.6875,1,39.33333333,0,0.0,0,0.0,0,e
715,15126,-56008,63,10.85483871,0,47.87755102,7,41.66666667,0,178.16666669999998,0,e
716,15131,-56047,81,13.0375,0,80.0,0,0.0,0,0.0,0,e
717,15141,-56098,43,18.35714286,0,31.54273504,3,108.5,0,114.0,0,e
718,15170,-56251,21,30.6,1,29.36864407,3,21.5,0,293.5,0,e
719,15175,-56276,34,15.45454545,0,57.71428571,0,0.0,0,0.0,0,e
720,15176,-56280,25,36.33333333,0,26.80434783,0,0.0,0,0.0,0,e
721,15191,-56367,31,56.86666667,1,20.69230769,0,0.0,0,0.0,0,e
722,15197,-56405,49,50.39583333,0,81.5,0,0.0,0,0.0,0,e
723,15203,-56446,12,91.72727273,1,113.0,1,0.0,0,0.0,0,e
724,15204,-56452,43,9.357142857000001,0,165.76923080000003,0,0.0,0,0.0,0,e
725,15212,-56485,16,57.06666667,1,133.3,0,0.0,0,0.0,0,e
726,15213,-56489,156,6.109677419,1,30.04651163,0,0.0,0,0.0,0,e
727,15223,-56527,11,16.3,0,19.47550251,0,0.0,0,0.0,0,e
728,15369,-57224,104,11.7184466,0,29.548387100000003,1,0.0,0,172.0,0,e
729,15396,-57365,27,19.80769231,1,168.83333330000002,1,0.0,0,381.0,0,e
730,15488,-57862,42,29.780487800000003,0,198.6575342,0,0.0,0,0.0,0,e
731,15510,-30018,25,12.875,1,63.42857143,0,0.0,0,0.0,0,e
732,15539,-30191,53,1.557692308,0,34.43333333,0,0.0,0,0.0,0,e
733,15577,-30384,30,20.0,1,14.11111111,0,0.0,0,0.0,0,e
734,15589,-30420,23,83.90909091,1,37.51724138,0,0.0,0,0.0,0,e
735,15617,-30586,12,65.72727273,0,80.0,0,0.0,0,0.0,0,e
736,15642,-30753,21,14.6,1,85.77083333,0,0.0,0,0.0,0,e
737,15643,-30757,14,72.84615385,1,68.1,0,0.0,0,0.0,0,e
738,15649,-30781,31,8.266666667,0,44.4,0,0.0,0,0.0,0,e
739,15698,-31083,21,86.9,1,56.65384615,1,0.0,0,134.0,0,e
740,15752,-31387,13,26.66666667,0,63.02777778,0,0.0,0,0.0,0,e
741,15753,-31392,22,46.14285714,1,68.92307692,0,0.0,0,0.0,0,e
742,15774,-31505,12,2.545454545,1,51.66153846,0,0.0,0,0.0,0,e
743,15801,-31628,138,13.44525547,1,9.965517241,1,0.0,0,0.0,0,e
744,15838,-31869,13,4.333333333,1,52.32967033,0,0.0,0,0.0,0,e
745,15864,-31965,35,24.73529412,0,35.84615385,0,0.0,0,0.0,0,e
746,15924,-14290,12,3.272727273,0,29.51265823,0,0.0,0,0.0,0,e
747,15969,-14542,21,6.2,0,135.4761905,0,0.0,0,0.0,0,e
748,15973,-14565,12,30.54545455,1,49.782608700000004,1,0.0,0,0.0,0,e
749,15998,-14700,13,18.41666667,1,124.61538459999998,0,0.0,0,0.0,0,e
750,16035,-14935,27,47.57692308,0,53.26459144,0,0.0,0,0.0,0,e
751,16042,-14959,22,14.38095238,1,17.88636364,0,0.0,0,0.0,0,e
752,16066,-15080,37,11.83333333,1,12.92,0,0.0,0,0.0,0,e
753,16069,-15088,35,45.41176471,1,71.81132075,0,0.0,0,0.0,0,e
754,16088,-15178,12,35.27272727,0,33.47058824,0,0.0,0,0.0,0,e
755,16098,-15232,51,22.78,0,27.14285714,0,0.0,0,0.0,0,e
756,16103,-15259,73,13.44444444,0,36.86363636,0,0.0,0,0.0,0,e
757,16104,-15260,21,21.4,1,2.233589592,0,0.0,0,0.0,0,e
758,16109,-15290,44,14.34883721,0,120.4,0,0.0,0,0.0,0,e
759,16113,-15336,12,16.36363636,1,57.18571429,0,0.0,0,0.0,0,e
760,16133,-15416,249,1.782258065,1,92.69767442,3,105.0,0,659.6666667000001,0,e
761,16142,-15445,44,8.534883721,1,38.93333333,1,0.0,0,0.0,0,e
762,16185,-15692,11,28.0,1,255.0625,0,0.0,0,0.0,0,e
763,16199,-15773,13,88.5,1,2.603982301,0,0.0,0,0.0,0,e
764,16208,-15802,103,11.68627451,0,29.22522523,0,0.0,0,0.0,0,e
765,16231,-15932,37,22.19444444,1,34.15909091,4,149.0,0,466.7142857,0,e
766,16253,-6064,63,6.241935484,0,49.33974359,4,64.66666667,0,152.0,0,e
767,16272,-6169,13,27.0,1,63.07692308,0,0.0,0,0.0,0,e
768,16273,-6171,11,34.9,0,64.31428571,0,0.0,0,0.0,0,e
769,16299,-6285,55,24.18518519,1,37.09090909,0,0.0,0,0.0,0,e
770,16330,-6441,96,5.9052631579999995,1,18.0,3,170.5,0,97.66666667,0,e
771,16359,-6624,13,70.83333333,1,35.72727273,0,0.0,0,0.0,0,e
772,16404,-6868,29,16.39285714,1,60.80487805,0,0.0,0,0.0,0,e
773,16419,-6931,11,80.1,0,23.4057971,0,0.0,0,0.0,0,e
774,16464,-7200,21,58.2,1,14.40625,0,0.0,0,0.0,0,e
775,16468,-7225,46,5.266666667,0,61.0,1,0.0,0,0.0,0,e
776,16512,-7470,11,142.3,0,104.5,0,0.0,0,0.0,0,e
777,16529,-7557,80,17.88607595,1,62.59090909,0,0.0,0,0.0,0,e
778,16534,-7580,142,5.14893617,0,24.5,0,0.0,0,0.0,0,e
779,16552,-7673,17,79.375,1,44.85714286,0,0.0,0,0.0,0,e
780,16576,-7822,29,30.5,1,35.64516129,0,0.0,0,0.0,0,e
781,16601,-7956,15,25.5,1,260.5714286,0,0.0,0,0.0,0,e
782,16618,-52054,36,43.25714286,1,10.48837209,0,0.0,0,0.0,0,e
783,16637,-52223,24,31.82608696,1,54.1875,0,0.0,0,0.0,0,e
784,16698,-52527,30,51.89655172,0,21.97402597,0,0.0,0,0.0,0,e
785,16725,-52653,11,108.9,1,28.89655172,0,0.0,0,0.0,0,e
786,16732,-52696,24,42.13043478,0,136.245614,0,0.0,0,0.0,0,e
787,16742,-52726,14,75.30769231,1,23.18181818,0,0.0,0,0.0,0,e
788,16755,-52782,12,81.81818182,1,90.03846154,0,0.0,0,0.0,0,e
789,16789,-52972,24,39.39130435,1,61.81914894,0,0.0,0,0.0,0,e
790,16794,-52998,20,7.736842105,1,32.85294118,0,0.0,0,0.0,0,e
791,16799,-53016,112,11.63963964,1,30.27659574,0,0.0,0,0.0,0,e
792,16844,-53276,43,14.85714286,1,78.3125,1,0.0,0,69.0,0,e
793,16884,-53488,12,26.18181818,0,237.8571429,5,77.75,0,112.625,0,e
794,16886,-53491,45,5.295454545,0,51.02631579,0,0.0,0,0.0,0,e
795,16888,-53501,12,46.72727273,1,40.98387097,0,0.0,0,0.0,0,e
796,17026,-48267,24,5.956521738999999,1,137.1851852,0,0.0,0,0.0,0,e
797,17060,-48429,11,18.5,0,3.1914506589999996,0,0.0,0,0.0,0,e
798,17077,-48537,41,35.65,0,17.21212121,0,0.0,0,0.0,0,e
799,17080,-48557,52,30.33333333,1,1.0,0,0.0,0,0.0,0,e
800,17113,-48736,48,20.12765957,1,18.63636364,1,0.0,0,0.0,0,e
801,17124,-48790,242,2.078838174,1,191.7894737,12,34.09090909,0,100.0,0,e
802,17169,-49072,29,18.39285714,1,26.0625,0,0.0,0,0.0,0,e
803,17183,-49150,73,14.76388889,0,62.89285714,0,0.0,0,0.0,0,e
804,17204,-49264,47,33.06521739,1,42.98051948,0,0.0,0,0.0,0,e
805,17219,-49356,20,60.68421053,1,40.0,0,0.0,0,0.0,0,e
806,17226,-49389,16,78.2,1,84.18556701,0,0.0,0,0.0,0,e
807,17227,-49396,26,59.12,0,49.77380952,0,0.0,0,0.0,0,e
808,17254,-49585,98,6.525773196,0,107.4146341,0,0.0,0,0.0,0,e
809,17281,-49755,16,41.6,1,72.38255034,0,0.0,0,0.0,0,e
810,17356,-34170,17,82.625,1,226.2580645,0,0.0,0,0.0,0,e
811,17378,-34271,39,13.5,1,88.52941176,0,0.0,0,0.0,0,e
812,17399,-34412,25,47.33333333,1,6.404255319,1,0.0,0,642.0,0,e
813,17402,-34426,18,59.23529412,1,29.95384615,0,0.0,0,0.0,0,e
814,17405,-34458,76,20.72,1,77.89473684,0,0.0,0,0.0,0,e
815,17430,-34672,132,10.73282443,0,57.91452991,10,53.22222222,1,327.0952381,0,e
816,17435,-34714,88,8.67816092,1,96.5,0,0.0,0,0.0,0,e
817,17437,-34718,34,16.87878788,1,15.3,1,0.0,0,0.0,0,e
818,17447,-34763,60,20.01694915,1,103.34375,0,0.0,0,0.0,0,e
819,17493,-34964,29,5.25,1,8.59030837,0,0.0,0,0.0,0,e
820,17519,-35128,24,33.73913043,1,104.6,1,0.0,0,0.0,0,e
821,17530,-35210,45,14.11363636,1,54.85714286,0,0.0,0,0.0,0,e
822,17532,-35238,16,89.73333333,1,102.25,1,0.0,0,0.0,0,e
823,17533,-35256,38,43.37837838,1,78.97260274,0,0.0,0,0.0,0,e
824,17543,-35307,192,2.246073298,0,173.0909091,0,0.0,0,0.0,0,e
825,17580,-35477,11,5.2,0,13.91240876,0,0.0,0,0.0,0,e
826,17584,-35499,12,16.09090909,1,37.91379310000001,0,0.0,0,0.0,0,e
827,17591,-35528,445,4.538288288,0,151.3846154,0,0.0,0,0.0,0,e
828,17611,-35631,21,11.15,0,96.56666667,1,0.0,0,0.0,0,e
829,17620,-35691,25,61.125,1,190.0769231,0,0.0,0,0.0,0,e
830,17636,-35769,12,24.54545455,1,39.08,1,0.0,0,0.0,0,e
831,17667,-35984,16,16.73333333,1,144.8378378,1,0.0,0,63.0,0,e
832,17692,-10101,38,11.24324324,1,10.09615385,0,0.0,0,0.0,0,e
833,17710,-10191,25,4.0,1,63.96666667,0,0.0,0,0.0,0,e
834,17765,-10556,14,42.15384615,1,30.33333333,0,0.0,0,0.0,0,e
835,17766,-10557,45,7.977272727000001,0,49.34883721,0,0.0,0,0.0,0,e
836,17777,-10621,11,71.3,1,66.67901235,0,0.0,0,0.0,0,e
837,17803,-10752,23,33.13636364,0,256.9230769,0,0.0,0,0.0,0,e
838,17807,-10773,133,3.901515152,0,37.54675232,4,77.66666667,0,308.5,0,e
839,17819,-10861,27,18.30769231,1,23.86734694,0,0.0,0,0.0,0,e
840,17827,-10951,21,8.2,0,63.27272727,0,0.0,0,0.0,0,e
841,17834,-11007,72,10.66197183,1,19.47692308,0,0.0,0,0.0,0,e
842,17846,-11098,22,21.47619048,1,44.99074074,3,114.5,0,126.2727273,0,e
843,17865,-11205,35,24.88235294,1,98.97826087,0,0.0,0,0.0,0,e
844,17867,-11210,22,9.666666667000001,0,44.5,0,0.0,0,0.0,0,e
845,17880,-11274,19,72.44444444,1,301.4545455,0,0.0,0,0.0,0,e
846,17992,-11830,11,32.9,0,82.27477477,0,0.0,0,0.0,0,e
847,18008,-11931,47,44.17391304,1,17.46808511,0,0.0,0,0.0,0,e
848,18053,-40169,18,35.23529412,1,130.21666670000002,0,0.0,0,0.0,0,e
849,18082,-40340,18,17.17647059,1,62.66666667,0,0.0,0,0.0,0,e
850,18140,-40705,11,78.6,1,46.27027027,0,0.0,0,0.0,0,e
851,18145,-40749,40,26.17948718,1,40.39393939,1,0.0,0,0.0,0,e
852,18152,-40786,33,40.28125,0,99.07936508,0,0.0,0,0.0,0,e
853,18163,-40854,25,36.375,1,20.41025641,3,144.0,0,512.4444444000001,0,e
854,18222,-41207,60,24.62711864,0,49.0,0,0.0,0,0.0,0,e
855,18226,-41231,31,12.43333333,1,23.677966100000003,0,0.0,0,0.0,0,e
856,18229,-41256,78,7.298701299,1,15.66178129,3,45.5,0,407.0,0,e
857,18239,-41301,12,85.09090909,0,22.64,0,0.0,0,0.0,0,e
858,18250,-41337,39,23.81578947,0,272.0,0,0.0,0,0.0,0,e
859,18259,-41414,53,32.94230769,1,203.27027030000002,0,0.0,0,0.0,0,e
860,18262,-41433,20,40.63157895,1,57.6,0,0.0,0,0.0,0,e
861,18267,-41458,143,7.957746479,1,26.22159091,0,0.0,0,0.0,0,e
862,18278,-41510,38,28.05405405,0,4.08045977,0,0.0,0,0.0,0,e
863,18313,-41734,30,51.27586207,1,23.54166667,0,0.0,0,0.0,0,e
864,18318,-41813,46,10.48888889,1,58.58333333,0,0.0,0,0.0,0,e
865,18365,-2123,11,105.9,0,34.64285714,0,0.0,0,0.0,0,e
866,18377,-2203,16,115.53333329999998,1,314.7037037,1,0.0,0,0.0,0,e
867,18384,-2217,15,24.71428571,1,25.61538462,0,0.0,0,0.0,0,e
868,18388,-2259,81,17.7875,1,82.63636364,1,0.0,0,0.0,0,e
869,18395,-2285,11,34.2,0,19.04545455,0,0.0,0,0.0,0,e
870,18407,-2336,34,10.21212121,0,61.25174825,0,0.0,0,0.0,0,e
871,18430,-2479,71,25.31428571,1,12.25833333,4,332.6666667,0,534.0,0,e
872,18435,-2508,39,7.789473684,0,84.76923077,0,0.0,0,0.0,0,e
873,18441,-2529,18,9.117647059,1,14.33333333,0,0.0,0,0.0,0,e
874,18460,-2604,33,28.28125,0,69.33333333,0,0.0,0,0.0,0,e
875,18463,-2633,17,6.875,1,30.03030303,0,0.0,0,0.0,0,e
876,18475,-2690,24,32.82608696,1,94.96153846,0,0.0,0,0.0,0,e
877,18524,-2926,35,36.44117647,1,38.8359375,0,0.0,0,0.0,0,e
878,18535,-2978,16,59.4,1,1.020664035,0,0.0,0,0.0,0,e
879,18580,-3225,19,13.16666667,0,7.518518519,0,0.0,0,0.0,0,e
880,18597,-3272,16,7.1333333329999995,1,47.67368421,0,0.0,0,0.0,0,e
881,18622,-3376,11,50.5,0,136.7435897,0,0.0,0,0.0,0,e
882,18681,-3674,24,18.17391304,1,82.88571429,0,0.0,0,0.0,0,e
883,18729,-3962,46,6.1111111110000005,0,119.87007870000001,0,0.0,0,0.0,0,e
884,18730,-3964,47,10.47826087,1,32.36842105,0,0.0,0,0.0,0,e
885,18811,-44469,11,35.1,0,242.2727273,0,0.0,0,0.0,0,e
886,18821,-44507,61,27.66666667,1,41.328,0,0.0,0,0.0,0,e
887,18822,-44509,12,106.18181820000001,1,41.43103448,0,0.0,0,0.0,0,e
888,18838,-44589,59,10.24137931,1,27.71212121,0,0.0,0,0.0,0,e
889,18881,-44823,75,21.28378378,0,38.02631579,0,0.0,0,0.0,0,e
890,18882,-44824,12,40.36363636,0,9.5,0,0.0,0,0.0,0,e
891,18899,-44907,19,33.61111111,1,61.29059829,0,0.0,0,0.0,0,e
892,18932,-45078,32,2.387096774,1,16.75862069,0,0.0,0,0.0,0,e
893,18945,-45152,20,40.57894737,1,48.78571429,1,0.0,0,0.0,0,e
894,18949,-45178,34,29.0,1,11.98305085,0,0.0,0,0.0,0,e
895,18951,-45189,35,24.05882353,1,20.76086957,0,0.0,0,0.0,0,e
896,18964,-45252,11,10.5,0,43.5932914,0,0.0,0,0.0,0,e
897,18977,-45318,56,11.96363636,1,88.29411765,0,0.0,0,0.0,0,e
898,18996,-45421,17,44.125,1,24.81818182,0,0.0,0,0.0,0,e
899,18997,-45427,104,8.883495146,1,4.272727273,4,288.3333333,0,306.0,0,e
900,19032,-45601,27,6.884615385,1,105.83529409999998,0,0.0,0,0.0,0,e
901,19041,-45643,35,27.0,0,19.77777778,3,165.0,0,77.33333333,0,e
902,19042,-45649,16,30.26666667,1,8.387096774,0,0.0,0,0.0,0,e
903,19043,-45650,29,37.64285714,1,11.5,1,0.0,0,498.0,0,e
904,19099,-45952,374,2.815013405,1,28.11363636,9,196.875,0,153.4,0,e
905,19120,-12063,15,83.0,0,19.8525641,0,0.0,0,0.0,0,e
906,19136,-12161,27,20.0,1,6.764705882,0,0.0,0,0.0,0,e
907,19137,-12164,13,1.166666667,0,16.71428571,0,0.0,0,0.0,0,e
908,19144,-12215,28,14.66666667,1,39.35714286,0,0.0,0,0.0,0,e
909,19185,-12481,22,13.9047619,0,178.8235294,0,0.0,0,0.0,0,e
910,19224,-12758,11,64.5,0,45.62857143,0,0.0,0,0.0,0,e
911,19235,-12817,21,3.1,1,17.30769231,0,0.0,0,0.0,0,e
912,19253,-12904,16,2.8,0,12.18518519,0,0.0,0,0.0,0,e
913,19356,-13524,24,45.17391304,1,336.5454545,3,376.0,0,77.33333333,0,e
914,19389,-13729,73,13.91666667,0,35.66666667,0,0.0,0,0.0,0,e
915,19390,-13732,19,9.111111111,1,420.3,0,0.0,0,0.0,0,e
916,19408,-13821,14,71.38461538,1,128.6,0,0.0,0,0.0,0,e
917,19415,-13857,25,8.583333332999999,1,11.75,0,0.0,0,0.0,0,e
918,19496,-36288,11,106.4,1,145.125,0,0.0,0,0.0,0,e
919,19511,-36367,17,11.6875,0,100.5,0,0.0,0,0.0,0,e
920,19512,-36372,54,5.603773585,1,39.87903226,0,0.0,0,0.0,0,e
921,19532,-36494,24,71.13043478,1,6.9526041670000005,1,0.0,0,0.0,0,e
922,19537,-36524,315,1.315286624,0,293.2916667,0,0.0,0,0.0,0,e
923,19560,-36618,27,44.57692308,1,27.39919355,1,0.0,0,0.0,0,e
924,19584,-36779,21,31.1,1,3.8048780489999996,0,0.0,0,0.0,0,e
925,19587,-36802,30,20.82758621,1,11.27586207,0,0.0,0,0.0,0,e
926,19602,-36868,16,3.666666667,0,14.71005291,0,0.0,0,0.0,0,e
927,19623,-37078,35,11.14705882,0,168.8947368,0,0.0,0,0.0,0,e
928,19695,-37504,30,15.86206897,1,81.58181818,0,0.0,0,0.0,0,e
929,19771,-37925,49,2.479166667,0,7.955555556,0,0.0,0,0.0,0,e
930,19790,-46007,88,12.8045977,0,14.84541063,0,0.0,0,0.0,0,e
931,19815,-46119,55,8.425925926,1,110.1904762,3,280.5,0,199.8,0,e
932,19834,-46238,17,15.375,1,197.8,0,0.0,0,0.0,0,e
933,19881,-46471,58,1.50877193,0,173.25,0,0.0,0,0.0,0,e
934,19904,-46613,216,5.6790697670000005,0,165.76091369999997,0,0.0,0,0.0,0,e
935,19921,-46763,11,87.7,1,104.1911765,0,0.0,0,0.0,0,e
936,19958,-47019,158,9.229299362999999,0,4.114842726,0,0.0,0,0.0,0,e
937,19964,-47059,29,8.107142857000001,0,85.6,1,0.0,0,0.0,0,e
938,19985,-47144,34,33.36363636,0,37.82894737,0,0.0,0,0.0,0,e
939,19990,-47182,24,57.56521739,1,19.85263158,0,0.0,0,0.0,0,e
940,20015,-47349,13,8.5,1,47.81818182,0,0.0,0,0.0,0,e
941,20030,-47417,25,29.66666667,1,56.52916667,0,0.0,0,0.0,0,e
942,20033,-47430,11,8.0,1,1.0,0,0.0,0,0.0,0,e
943,20060,-47615,22,4.095238095,1,15.17073171,0,0.0,0,0.0,0,e
944,20061,-47616,19,23.38888889,1,38.87692308,0,0.0,0,0.0,0,e
945,20064,-47640,12,39.54545455,0,50.18518519,0,0.0,0,0.0,0,e
946,20076,-47723,13,2.75,1,26.84615385,0,0.0,0,0.0,0,e
947,20079,-47736,16,19.33333333,0,24.75,0,0.0,0,0.0,0,e
948,20102,-47846,46,29.71111111,1,80.1875,1,0.0,0,0.0,0,e
949,20115,-47958,17,46.25,1,121.5365854,0,0.0,0,0.0,0,e
950,20132,-50077,29,40.0,0,223.2380952,0,0.0,0,0.0,0,e
951,20156,-50199,15,35.07142857,1,23.33076923,0,0.0,0,0.0,0,e
952,20160,-50223,31,15.83333333,1,46.93333333,0,0.0,0,0.0,0,e
953,20166,-50242,23,38.68181818,1,87.66666667,0,0.0,0,0.0,0,e
954,20184,-50371,11,88.1,0,4.434329066,0,0.0,0,0.0,0,e
955,20194,-50412,71,19.05714286,1,14.19230769,3,179.0,0,439.5,0,e
956,20224,-50584,218,3.995391705,1,35.05,0,0.0,0,0.0,0,e
957,20228,-50628,19,55.88888889,1,22.15384615,0,0.0,0,0.0,0,e
958,20240,-50678,228,8.418502203,1,52.47692308,0,0.0,0,0.0,0,e
959,20249,-50714,16,32.86666667,0,68.21428571,0,0.0,0,0.0,0,e
960,20252,-50720,87,5.465116279,1,44.26760563,0,0.0,0,0.0,0,e
961,20254,-50723,35,18.58823529,1,95.87096774,0,0.0,0,0.0,0,e
962,20272,-50817,13,67.33333333,1,160.67741940000002,0,0.0,0,0.0,0,e
963,20316,-51106,12,41.45454545,0,39.11538462,0,0.0,0,0.0,0,e
964,20423,-51750,19,5.277777778,1,42.62962963,0,0.0,0,0.0,0,e
965,20458,-51929,13,170.08333330000002,1,35.53719008,0,0.0,0,0.0,0,e
966,20461,-51936,11,85.4,0,85.69230769,0,0.0,0,0.0,0,e
967,20496,-8152,232,9.805194805,0,25.70588235,4,521.0,0,99.5,0,e
968,20523,-8254,18,44.11764706,1,25.54032258,0,0.0,0,0.0,0,e
969,20525,-8264,21,34.55,0,18.19117647,1,0.0,0,0.0,0,e
970,20531,-8318,41,17.325,0,48.75925926,6,159.8,1,79.33333333,0,e
971,20533,-8335,11,80.3,1,79.15384615,0,0.0,0,0.0,0,e
972,20547,-8406,24,24.26086957,1,113.44927539999999,1,0.0,0,0.0,0,e
973,20583,-8599,30,2.793103448,0,141.9090909,0,0.0,0,0.0,0,e
974,20590,-8657,48,35.72340426,1,106.53684209999999,0,0.0,0,0.0,0,e
975,20601,-8720,11,87.2,1,100.83870970000001,0,0.0,0,0.0,0,e
976,20611,-8813,12,38.63636364,0,105.0545455,1,0.0,0,221.0,0,e
977,20618,-8872,43,25.57142857,0,68.22222222,0,0.0,0,0.0,0,e
978,20653,-9008,21,36.9,1,55.36363636,0,0.0,0,0.0,0,e
979,20726,-9458,15,81.14285714,1,328.92857139999995,0,0.0,0,0.0,0,e
980,20738,-9521,98,1.06185567,0,25.51724138,0,0.0,0,0.0,0,e
981,20796,-9774,38,12.0,1,52.81626506,0,0.0,0,0.0,0,e
982,20873,-42207,16,91.4,0,68.14583333,0,0.0,0,0.0,0,e
983,20907,-42367,14,14.53846154,1,46.62264151,0,0.0,0,0.0,0,e
984,20928,-42501,13,11.25,0,35.47124117,0,0.0,0,0.0,0,e
985,20945,-42591,18,54.70588235,1,41.55882353,1,0.0,0,0.0,0,e
986,20947,-42602,20,13.05263158,1,77.90697674,0,0.0,0,0.0,0,e
987,20965,-42713,21,34.15,0,28.03125,0,0.0,0,0.0,0,e
988,20970,-42732,12,73.90909091,0,51.03278689,0,0.0,0,0.0,0,e
989,20999,-42907,77,15.18421053,0,505.4825175,1,0.0,0,0.0,0,e
990,21010,-42957,32,34.77419355,1,130.4716981,0,0.0,0,0.0,0,e
991,21020,-43056,38,18.45945946,1,10.1,0,0.0,0,0.0,0,e
992,21028,-43075,30,29.86206897,1,130.0625,0,0.0,0,0.0,0,e
993,21029,-43093,50,20.20408163,0,69.6875,1,0.0,0,0.0,0,e
994,21034,-43123,18,10.82352941,1,3.809190809,0,0.0,0,0.0,0,e
995,21036,-43132,80,6.430379747000001,1,121.07692309999999,1,0.0,0,0.0,0,e
996,21038,-43143,32,2.774193548,1,69.0,0,0.0,0,0.0,0,e
997,21058,-43280,63,10.70967742,0,86.5,0,0.0,0,0.0,0,e
998,21069,-43368,22,77.09523809999999,0,43.19230769,0,0.0,0,0.0,0,e
999,21095,-43485,30,16.68965517,1,24.35714286,0,0.0,0,0.0,0,e
1000,21113,-43604,46,5.044444444,1,59.83673469,0,0.0,0,0.0,0,e
1001,21157,-43895,15,0.7142857140000001,0,93.51923077,0,0.0,0,0.0,0,e
1002,21176,-43996,19,34.55555556,1,54.23584906,0,0.0,0,0.0,0,e
1003,21213,-1176,21,16.65,1,61.2,0,0.0,0,0.0,0,e
1004,21282,-1520,27,2.5,0,35.66666667,0,0.0,0,0.0,0,e
1005,21286,-1540,59,8.034482759,1,239.2666667,0,0.0,0,0.0,0,e
1006,21289,-1559,653,1.226993865,0,52.26686217,6,182.6,1,216.75,0,e
1007,21294,-1582,11,8.0,1,10.30334988,0,0.0,0,0.0,0,e
1008,21307,-1649,16,13.86666667,0,29.92173913,0,0.0,0,0.0,0,e
1009,21346,-1809,60,17.38983051,1,77.03225806,0,0.0,0,0.0,0,e
1010,21350,-182,17,38.125,0,173.9210526,0,0.0,0,0.0,0,e
1011,21366,-1893,36,6.914285714,1,41.5,0,0.0,0,0.0,0,e
1012,21392,-216,58,10.94736842,0,43.58536585,0,0.0,0,0.0,0,e
1013,21422,-308,21,12.05,0,48.46794872,0,0.0,0,0.0,0,e
1014,21434,-344,13,38.25,1,51.47058824,0,0.0,0,0.0,0,e
1015,21448,-41,164,4.36196319,1,116.8947368,1,0.0,0,0.0,0,e
1016,21449,-417,34,32.12121212,1,30.34437086,0,0.0,0,0.0,0,e
1017,21498,-659,17,20.6875,1,21.49250777,0,0.0,0,0.0,0,e
1018,21511,-712,32,37.29032258,1,57.42857143,3,57.5,0,359.0,0,e
1019,21540,-840,34,36.81818182,0,104.1428571,0,0.0,0,0.0,0,e
1020,21552,-916,13,2.916666667,0,114.33333329999999,0,0.0,0,0.0,0,e
1021,21581,-4074,84,11.59036145,1,36.27868852,0,0.0,0,0.0,0,e
1022,21606,-4217,25,23.0,0,66.93333333,0,0.0,0,0.0,0,e
1023,21607,-4218,79,12.55128205,1,72.51327434,0,0.0,0,0.0,0,e
1024,21726,-4745,11,17.0,0,30.4375,0,0.0,0,0.0,0,e
1025,21743,-4867,13,16.75,1,32.85526316,1,0.0,0,0.0,0,e
1026,21753,-4915,19,45.72222222,1,41.71428571,0,0.0,0,0.0,0,e
1027,21769,-5002,30,11.86206897,0,241.93333330000002,0,0.0,0,0.0,0,e
1028,21770,-5005,33,9.34375,1,87.95833333,4,100.0,0,125.5,0,e
1029,21812,-5265,12,5.3636363639999995,1,76.6,0,0.0,0,0.0,0,e
1030,21832,-5347,12,97.09090909,1,37.91545894,1,0.0,0,0.0,0,e
1031,21835,-5356,36,5.114285714,0,74.63636364,0,0.0,0,0.0,0,e
1032,21837,-5364,22,19.71428571,1,45.48571429,0,0.0,0,0.0,0,e
1033,21844,-5396,26,32.4,0,65.66666667,0,0.0,0,0.0,0,e
1034,21859,-5489,15,23.28571429,1,37.14035088,0,0.0,0,0.0,0,e
1035,21861,-5502,14,153.15384619999998,0,97.4,1,0.0,0,0.0,0,e
1036,21864,-5519,51,7.94,1,155.0,4,103.66666670000001,0,373.75,0,e
1037,22036,-38515,40,20.43589744,1,32.58390805,1,0.0,0,0.0,0,e
1038,22049,-38589,23,10.54545455,1,38.33333333,1,0.0,0,0.0,0,e
1039,22054,-38630,42,2.097560976,0,29.17730496,0,0.0,0,0.0,0,e
1040,22082,-38766,15,16.28571429,1,109.5192308,0,0.0,0,0.0,0,e
1041,22122,-38977,14,56.07692308,1,80.64583333,0,0.0,0,0.0,0,e
1042,22131,-39051,36,20.11428571,1,57.29166667,0,0.0,0,0.0,0,e
1043,22173,-39237,14,5.692307692000001,0,3.4328358210000003,4,11.0,0,582.0,0,e
1044,22193,-39388,11,15.1,0,48.67924528,0,0.0,0,0.0,0,e
1045,22197,-39416,127,8.341269841,1,28.39655172,0,0.0,0,0.0,0,e
1046,22224,-39545,13,69.08333333,0,263.5,6,87.2,1,334.25,0,e
1047,22251,-39684,25,57.20833333,1,17.197033899999997,0,0.0,0,0.0,0,e
1048,22256,-39715,48,19.72340426,0,58.78431373,0,0.0,0,0.0,0,e
1049,22267,-39774,11,23.7,1,39.18181818,0,0.0,0,0.0,0,e
1050,22291,-39888,25,0.875,0,12.11764706,5,87.5,0,241.82758619999998,0,e
