user_id,achievement,shame,affection,aggression,anger,cheerfulness,disappointment,disgust,dispute,emotional,fear,fun,hate,joy,love,negative_emotion,nervousness,optimism,pain,positive_emotion,suffering,alcohol,appearance,attractive,banking,money,body,health,injury,medical_emergency,death,friends,help
195,0.0,0.0,0.0,0.0,0.0,0.0,0.0,0.0,0.008620689655172414,0.0,0.0,0.0,0.0,0.0,0.0,0.04310344827586207,0.0,0.0,0.0,0.017241379310344827,0.0,0.017241379310344827,0.0,0.0,0.0,0.0,0.0,0.0,0.0,0.008620689655172414,0.008620689655172414,0.017241379310344827,0.008620689655172414
450,0.0,0.006688963210702341,0.0,0.0033444816053511705,0.0,0.0033444816053511705,0.0,0.0,0.006688963210702341,0.0,0.020066889632107024,0.0,0.006688963210702341,0.0,0.0033444816053511705,0.026755852842809364,0.020066889632107024,0.010033444816053512,0.020066889632107024,0.013377926421404682,0.006688963210702341,0.0,0.0,0.0,0.0,0.006688963210702341,0.0033444816053511705,0.0,0.0033444816053511705,0.0,0.0033444816053511705,0.006688963210702341,0.0
979,0.0,0.0,0.0,0.0,0.0,0.0,0.0,0.0,0.0,0.0,0.0,0.0,0.0,0.0,0.0,0.0,0.0,0.0,0.0,0.0,0.0,0.0,0.0,0.0,0.0,0.0,0.0,0.0,0.0,0.0,0.0,0.0,0.0
1073,0.0,0.0,0.0,0.0,0.0,0.0,0.0,0.0,0.0,0.0,0.0,0.0,0.0,0.0,0.0,0.0,0.0,0.0,0.025,0.0,0.0,0.0,0.0,0.0,0.0,0.0,0.05,0.0,0.025,0.0,0.0,0.0,0.0
1642,0.0,0.0,0.0,0.0,0.0,0.005847953216374269,0.0,0.0,0.0,0.0,0.005847953216374269,0.0,0.011695906432748537,0.0,0.0,0.017543859649122806,0.0,0.005847953216374269,0.0,0.005847953216374269,0.0,0.0,0.005847953216374269,0.005847953216374269,0.0,0.0,0.0,0.0,0.005847953216374269,0.0,0.0,0.0,0.005847953216374269
1900,0.0,0.009009009009009009,0.009009009009009009,0.009009009009009009,0.0,0.0,0.0,0.0,0.0,0.0,0.0,0.0,0.009009009009009009,0.0,0.018018018018018018,0.036036036036036036,0.009009009009009009,0.009009009009009009,0.02702702702702703,0.009009009009009009,0.018018018018018018,0.0,0.0,0.0,0.0,0.0,0.009009009009009009,0.0,0.009009009009009009,0.009009009009009009,0.02702702702702703,0.009009009009009009,0.0
2198,0.0,0.01179245283018868,0.0,0.009433962264150943,0.0,0.0,0.0,0.0,0.0,0.0047169811320754715,0.0,0.0023584905660377358,0.01179245283018868,0.0,0.0,0.030660377358490566,0.0023584905660377358,0.0023584905660377358,0.009433962264150943,0.007075471698113208,0.009433962264150943,0.0,0.0047169811320754715,0.0047169811320754715,0.0,0.0,0.0,0.0023584905660377358,0.0023584905660377358,0.0023584905660377358,0.014150943396226415,0.009433962264150943,0.0
2206,0.0,0.0,0.0,0.0,0.0,0.0,0.0,0.0,0.0,0.0,0.0,0.0125,0.0,0.0,0.0,0.0,0.0,0.0,0.0,0.0,0.0,0.0,0.0,0.0,0.0,0.0,0.0,0.0,0.0,0.0,0.0,0.0,0.0
3000,0.0,0.0,0.0,0.0,0.0,0.0,0.0,0.0,0.006134969325153374,0.0,0.0,0.0,0.0,0.0,0.0,0.0,0.0,0.0,0.0,0.0,0.0,0.0,0.006134969325153374,0.006134969325153374,0.006134969325153374,0.006134969325153374,0.0,0.006134969325153374,0.006134969325153374,0.006134969325153374,0.006134969325153374,0.006134969325153374,0.0
3202,0.0,0.014319809069212411,0.0,0.00477326968973747,0.00477326968973747,0.002386634844868735,0.0,0.002386634844868735,0.002386634844868735,0.00477326968973747,0.014319809069212411,0.0,0.00954653937947494,0.002386634844868735,0.014319809069212411,0.03341288782816229,0.01909307875894988,0.0,0.021479713603818614,0.007159904534606206,0.00477326968973747,0.0,0.0,0.0,0.0,0.0,0.014319809069212411,0.007159904534606206,0.002386634844868735,0.002386634844868735,0.007159904534606206,0.014319809069212411,0.0
3260,0.0,0.017114914425427872,0.004889975550122249,0.0024449877750611247,0.0,0.0024449877750611247,0.0,0.0,0.0,0.004889975550122249,0.0024449877750611247,0.0,0.007334963325183374,0.0024449877750611247,0.012224938875305624,0.029339853300733496,0.012224938875305624,0.004889975550122249,0.034229828850855744,0.004889975550122249,0.009779951100244499,0.0,0.0024449877750611247,0.0024449877750611247,0.0024449877750611247,0.007334963325183374,0.012224938875305624,0.017114914425427872,0.0,0.017114914425427872,0.009779951100244499,0.0024449877750611247,0.0024449877750611247
4790,0.0,0.0111731843575419,0.002793296089385475,0.00558659217877095,0.00558659217877095,0.0,0.0,0.00558659217877095,0.0,0.0,0.008379888268156424,0.0,0.002793296089385475,0.0,0.0111731843575419,0.0111731843575419,0.01675977653631285,0.002793296089385475,0.0111731843575419,0.0,0.008379888268156424,0.0,0.0,0.0,0.0,0.0,0.008379888268156424,0.0,0.002793296089385475,0.0,0.00558659217877095,0.002793296089385475,0.00558659217877095
4978,0.0,0.005405405405405406,0.0,0.005405405405405406,0.0,0.0,0.0,0.0,0.010810810810810811,0.010810810810810811,0.005405405405405406,0.005405405405405406,0.010810810810810811,0.0,0.005405405405405406,0.010810810810810811,0.005405405405405406,0.010810810810810811,0.005405405405405406,0.005405405405405406,0.010810810810810811,0.0,0.005405405405405406,0.0,0.0,0.005405405405405406,0.010810810810810811,0.010810810810810811,0.0,0.0,0.0,0.0,0.005405405405405406
5253,0.0,0.008620689655172414,0.0014367816091954023,0.0014367816091954023,0.0,0.0,0.0,0.0,0.0,0.008620689655172414,0.0028735632183908046,0.0,0.010057471264367816,0.0,0.0014367816091954023,0.033045977011494254,0.0014367816091954023,0.0014367816091954023,0.010057471264367816,0.008620689655172414,0.008620689655172414,0.0,0.0028735632183908046,0.0028735632183908046,0.0,0.0,0.0014367816091954023,0.005747126436781609,0.005747126436781609,0.005747126436781609,0.0014367816091954023,0.004310344827586207,0.007183908045977011
5582,0.0,0.022556390977443608,0.0,0.0,0.0,0.0,0.0,0.0,0.0,0.022556390977443608,0.0,0.007518796992481203,0.007518796992481203,0.0,0.007518796992481203,0.022556390977443608,0.007518796992481203,0.0,0.022556390977443608,0.007518796992481203,0.015037593984962405,0.0,0.0,0.0,0.0,0.0,0.007518796992481203,0.0,0.007518796992481203,0.0,0.0,0.015037593984962405,0.007518796992481203
6357,0.0,0.04711751662971175,0.0,0.0,0.0,0.0,0.0,0.0,0.023558758314855877,0.0,0.0,0.0,0.0,0.0,0.04711751662971175,0.0,0.04711751662971175,0.0,0.04711751662971175,0.0,0.0,0.0,0.011363636363636364,0.0,0.0,0.0,0.04711751662971175,0.0,0.0,0.0,0.011363636363636364,0.0,0.0
6789,0.009615384615384616,0.057692307692307696,0.009615384615384616,0.0,0.028846153846153848,0.0,0.0,0.0,0.0,0.0,0.038461538461538464,0.0,0.009615384615384616,0.009615384615384616,0.009615384615384616,0.04807692307692308,0.019230769230769232,0.009615384615384616,0.09615384615384616,0.028846153846153848,0.057692307692307696,0.0,0.0,0.0,0.0,0.0,0.019230769230769232,0.0,0.038461538461538464,0.0,0.0,0.0,0.0
6792,0.0,0.0,0.0042643923240938165,0.0,0.0021321961620469083,0.0,0.0,0.0,0.006396588486140725,0.0,0.0,0.0042643923240938165,0.0021321961620469083,0.0,0.0042643923240938165,0.010660980810234541,0.0,0.006396588486140725,0.0021321961620469083,0.008528784648187633,0.0021321961620469083,0.0,0.0,0.0,0.0021321961620469083,0.0021321961620469083,0.0,0.0,0.0,0.0,0.0042643923240938165,0.006396588486140725,0.0
7185,0.0009574365560875093,0.008439214316090763,0.00364736018123538,0.002428539964424548,0.0014734324281205332,0.00018726591760299626,0.001286166510517537,0.001286166510517537,0.0025740293907407,0.0038320885589843787,0.001888057699758591,0.0,0.0066799118346139745,0.0010038844017921896,0.006947003939681195,0.018264558468806345,0.007771996710070368,0.004115616277706294,0.010360441837538396,0.007533934050051833,0.00940800014309046,0.0,0.001326259946949602,0.001696096564410439,0.0006561679790026247,0.0006561679790026247,0.004792062654925886,0.002242957101676331,0.006744430622173485,0.0006561679790026247,0.0073349049227267385,0.00966617643570375,0.005913604921327466
7214,0.0,0.0,0.0,0.0,0.0,0.0,0.0,0.0,0.03225806451612903,0.0,0.0,0.03225806451612903,0.0,0.0,0.0,0.0,0.0,0.0,0.0,0.0,0.0,0.0,0.0,0.0,0.0,0.0,0.0,0.0,0.0,0.0,0.0,0.03225806451612903,0.0
7708,0.0,0.030303030303030304,0.0,0.0,0.0,0.0,0.0,0.0,0.0,0.0,0.0,0.0,0.0,0.0,0.030303030303030304,0.0,0.030303030303030304,0.0,0.030303030303030304,0.06060606060606061,0.0,0.0,0.0,0.0,0.0,0.0,0.030303030303030304,0.0,0.0,0.0,0.0,0.030303030303030304,0.0
8275,0.0,0.0,0.0,0.0,0.0,0.0,0.0,0.0,0.0,0.0,0.0,0.0,0.0,0.0,0.0,0.03225806451612903,0.0,0.0,0.0,0.0,0.0,0.0,0.0,0.0,0.0,0.0,0.0,0.0,0.0,0.0,0.0,0.03225806451612903,0.0
8436,0.0047169811320754715,0.009433962264150943,0.0047169811320754715,0.0,0.0,0.0047169811320754715,0.0,0.0,0.0047169811320754715,0.014150943396226415,0.0047169811320754715,0.0047169811320754715,0.02358490566037736,0.0047169811320754715,0.009433962264150943,0.02358490566037736,0.0047169811320754715,0.0047169811320754715,0.009433962264150943,0.014150943396226415,0.018867924528301886,0.0,0.0,0.0,0.0,0.0,0.0,0.0,0.0,0.0,0.0,0.009433962264150943,0.014150943396226415
9333,0.0,0.004132231404958678,0.0,0.004132231404958678,0.004132231404958678,0.0,0.0,0.004132231404958678,0.004132231404958678,0.008264462809917356,0.0,0.004132231404958678,0.01652892561983471,0.004132231404958678,0.004132231404958678,0.03305785123966942,0.0,0.012396694214876033,0.004132231404958678,0.004132231404958678,0.008264462809917356,0.0,0.0,0.0,0.008264462809917356,0.012396694214876033,0.0,0.0,0.0,0.0,0.0,0.008264462809917356,0.0
9534,0.0015432098765432098,0.013888888888888888,0.0015432098765432098,0.0030864197530864196,0.0015432098765432098,0.0015432098765432098,0.0,0.0015432098765432098,0.0015432098765432098,0.0015432098765432098,0.0015432098765432098,0.0015432098765432098,0.0030864197530864196,0.0015432098765432098,0.009259259259259259,0.020061728395061727,0.010802469135802469,0.004629629629629629,0.016975308641975308,0.009259259259259259,0.006172839506172839,0.0030864197530864196,0.0,0.0,0.0,0.0015432098765432098,0.010802469135802469,0.0030864197530864196,0.010802469135802469,0.004629629629629629,0.0015432098765432098,0.012345679012345678,0.007716049382716049
10076,0.0,0.0,0.0,0.0,0.0,0.0,0.0,0.0,0.0,0.0,0.0,0.013888888888888888,0.0,0.0,0.0,0.0,0.0,0.0,0.0,0.013888888888888888,0.0,0.0,0.013888888888888888,0.027777777777777776,0.0,0.013888888888888888,0.0,0.0,0.0,0.0,0.013888888888888888,0.027777777777777776,0.013888888888888888
11442,0.010869565217391304,0.0,0.0,0.0,0.0,0.0,0.0,0.0,0.0,0.0,0.0,0.0,0.010869565217391304,0.0,0.0,0.07142857142857142,0.0,0.0,0.0,0.08229813664596272,0.0,0.0,0.0,0.0,0.0,0.0,0.0,0.0,0.0,0.0,0.0,0.010869565217391304,0.0
11582,0.0,0.009345794392523364,0.009345794392523364,0.0,0.0,0.004672897196261682,0.0,0.0,0.0,0.004672897196261682,0.0,0.0,0.004672897196261682,0.0,0.014018691588785047,0.018691588785046728,0.004672897196261682,0.018691588785046728,0.009345794392523364,0.02336448598130841,0.004672897196261682,0.0,0.0,0.0,0.0,0.004672897196261682,0.009345794392523364,0.0,0.009345794392523364,0.0,0.0,0.014018691588785047,0.0
11994,0.0,0.001943634596695821,0.0,0.009497138682576402,0.009497138682576402,0.0,0.0,0.009497138682576402,0.0,0.0017452006980802793,0.010468955980924314,0.0009718172983479105,0.0017452006980802793,0.0,0.0029154518950437317,0.022683112659928905,0.009695572581191945,0.0009718172983479105,0.003887269193391642,0.013185973977352503,0.009695572581191945,0.0009718172983479105,0.0,0.0,0.0,0.0,0.00543403599285638,0.0,0.0036888352947761008,0.0,0.0029154518950437317,0.0,0.0
12083,0.0024509803921568627,0.0,0.0024509803921568627,0.0,0.0,0.0,0.0,0.0,0.0,0.0,0.0,0.0,0.0,0.0,0.0024509803921568627,0.0196078431372549,0.0,0.0024509803921568627,0.0,0.014705882352941176,0.0,0.0,0.004901960784313725,0.0024509803921568627,0.007352941176470588,0.007352941176470588,0.0,0.0024509803921568627,0.0,0.0,0.004901960784313725,0.012254901960784314,0.0
12716,0.000697350069735007,0.002228033472803347,0.000697350069735007,0.000697350069735007,0.000697350069735007,0.0,0.0,0.0,0.0023640167364016736,0.004864016736401674,0.0015306834030683403,0.0020920502092050207,0.0015306834030683403,0.0,0.0029253835425383542,0.010153417015341702,0.0037587168758716873,0.006412133891213389,0.004456066945606694,0.0030613668061366807,0.002789400278940028,0.000697350069735007,0.0,0.0,0.0,0.0008333333333333334,0.002228033472803347,0.001394700139470014,0.001394700139470014,0.0,0.0015306834030683403,0.005289400278940028,0.003486750348675035
13151,0.0,0.022026431718061675,0.0,0.0,0.0,0.0,0.0,0.0,0.0,0.00881057268722467,0.0,0.0,0.00881057268722467,0.0,0.022026431718061675,0.0,0.022026431718061675,0.0,0.022026431718061675,0.004405286343612335,0.0,0.0,0.004405286343612335,0.0,0.0,0.0,0.022026431718061675,0.0,0.004405286343612335,0.0,0.0,0.004405286343612335,0.00881057268722467
13606,0.014925373134328358,0.0,0.0,0.0,0.0,0.0,0.0,0.0,0.0,0.014925373134328358,0.0,0.0,0.0,0.0,0.0,0.0,0.0,0.0,0.0,0.014925373134328358,0.014925373134328358,0.0,0.0,0.0,0.014925373134328358,0.0,0.0,0.014925373134328358,0.0,0.0,0.0,0.014925373134328358,0.04477611940298507
13913,0.0,0.0,0.0,0.0,0.0,0.0,0.0,0.0,0.0,0.0,0.0,0.0,0.0,0.0,0.0,0.0,0.0,0.0,0.0,0.0,0.0,0.0,0.0,0.0,0.0,0.0,0.0,0.0,0.0,0.0,0.015384615384615385,0.0,0.0
14457,0.0,0.0008976660682226212,0.0017953321364452424,0.0008976660682226212,0.0008976660682226212,0.0008976660682226212,0.0,0.0,0.0008976660682226212,0.0008976660682226212,0.0,0.0008976660682226212,0.0017953321364452424,0.0,0.0008976660682226212,0.00718132854578097,0.0,0.0017953321364452424,0.0008976660682226212,0.0062836624775583485,0.0008976660682226212,0.0026929982046678637,0.0,0.0008976660682226212,0.0008976660682226212,0.0026929982046678637,0.0017953321364452424,0.0008976660682226212,0.0008976660682226212,0.0008976660682226212,0.0026929982046678637,0.00807899461400359,0.0026929982046678637
14614,0.0,0.004559270516717325,0.00906361006335372,0.0,0.0030120481927710845,0.003799392097264438,0.0,0.0,0.001519756838905775,0.005319148936170213,0.0007598784194528875,0.0,0.00453180503167686,0.0022796352583586625,0.010583366902259493,0.015142637418976819,0.00303951367781155,0.009091075548394185,0.006811440290035522,0.01587505035338924,0.0052916834511297466,0.0,0.0,0.0030120481927710845,0.0,0.0030120481927710845,0.001519756838905775,0.0007598784194528875,0.001519756838905775,0.006783974804995057,0.011315779836671916,0.013595415095030577,0.006811440290035522
15232,0.0,0.007462686567164179,0.0,0.03571428571428571,0.0,0.0,0.0,0.0,0.0018656716417910447,0.0018656716417910447,0.0018656716417910447,0.0,0.03571428571428571,0.0,0.0037313432835820895,0.03571428571428571,0.007462686567164179,0.0,0.0394456289978678,0.0,0.03571428571428571,0.0,0.0,0.0,0.0,0.0,0.005597014925373134,0.0,0.0,0.0018656716417910447,0.03571428571428571,0.041666666666666664,0.0
17119,0.0,0.0158311345646438,0.0,0.0,0.005277044854881266,0.002638522427440633,0.0,0.0,0.0,0.005277044854881266,0.005277044854881266,0.0,0.005277044854881266,0.0,0.0079155672823219,0.026385224274406333,0.0079155672823219,0.005277044854881266,0.0158311345646438,0.010554089709762533,0.0158311345646438,0.0,0.0,0.0,0.002638522427440633,0.0079155672823219,0.0079155672823219,0.0158311345646438,0.013192612137203167,0.010554089709762533,0.013192612137203167,0.0,0.005277044854881266
17139,0.0,0.016016016016016016,0.0016891891891891893,0.005067567567567568,0.0016891891891891893,0.0016891891891891893,0.0,0.0,0.009259259259259259,0.009551217884551218,0.0,0.0030864197530864196,0.022480814147480814,0.0,0.009843176509843177,0.04187520854187521,0.006464798131464798,0.008153987320653987,0.021375542208875543,0.020791624958291625,0.019686353019686353,0.0,0.0,0.0,0.0,0.006172839506172839,0.006464798131464798,0.005067567567567568,0.005067567567567568,0.006464798131464798,0.036515682349015685,0.0033783783783783786,0.0030864197530864196
17153,0.0,0.0013477088948787063,0.0,0.0,0.0,0.0017543859649122807,0.0,0.0,0.0026954177897574125,0.0035087719298245615,0.0,0.0017543859649122807,0.0013477088948787063,0.0017543859649122807,0.0031020948597909872,0.006610866789615548,0.004043126684636119,0.0035087719298245615,0.0026954177897574125,0.0017543859649122807,0.00836525275452783,0.0,0.0,0.0,0.0035087719298245615,0.0035087719298245615,0.0026954177897574125,0.007017543859649123,0.0031020948597909872,0.0,0.006610866789615548,0.0031020948597909872,0.0017543859649122807
18233,0.0,0.005704561689911232,0.005344887058140828,0.0007102272727272727,0.0,0.0007102272727272727,0.0,0.0,0.0024509803921568627,0.0024817716031136075,0.00319199887584088,0.0,0.002512562814070352,0.001256281407035176,0.006570377254219259,0.01585740366269852,0.005673770478954487,0.006055114330868101,0.006930051885989663,0.019959093687108763,0.003738053010148783,0.0014204545454545455,0.0,0.0,0.0,0.0,0.00319199887584088,0.0,0.002512562814070352,0.0,0.0012254901960784314,0.021059786802563187,0.017095978232081543
18401,0.0,0.024896265560165973,0.004149377593360996,0.0,0.0,0.004149377593360996,0.004149377593360996,0.0,0.004149377593360996,0.004149377593360996,0.008298755186721992,0.004149377593360996,0.016597510373443983,0.004149377593360996,0.02074688796680498,0.016597510373443983,0.024896265560165973,0.016597510373443983,0.024896265560165973,0.012448132780082987,0.008298755186721992,0.0,0.0,0.0,0.0,0.0,0.02074688796680498,0.008298755186721992,0.004149377593360996,0.0,0.0,0.008298755186721992,0.004149377593360996
18898,0.0,0.0,0.0,0.0,0.0,0.0,0.0,0.0,0.0,0.0,0.0,0.0,0.0,0.0,0.0,0.0,0.0,0.0,0.0,0.009345794392523364,0.0,0.028037383177570093,0.0,0.0,0.0,0.0,0.0,0.009345794392523364,0.0,0.0,0.0,0.04672897196261682,0.009345794392523364
19852,0.0,0.0,0.0,0.0,0.0,0.0,0.0,0.0,0.0,0.006993006993006993,0.013986013986013986,0.0,0.0,0.006993006993006993,0.0,0.0,0.006993006993006993,0.0,0.0,0.013986013986013986,0.006993006993006993,0.0,0.0,0.006993006993006993,0.0,0.0,0.0,0.006993006993006993,0.0,0.0,0.006993006993006993,0.02097902097902098,0.02097902097902098
19858,0.0,0.0,0.0,0.0,0.0,0.0,0.0,0.0,0.0,0.0,0.0,0.0,0.0,0.0,0.0,0.02040816326530612,0.0,0.0,0.0,0.0,0.0,0.02040816326530612,0.0,0.0,0.0,0.0,0.0,0.0,0.02040816326530612,0.02040816326530612,0.0,0.0,0.0
20438,0.0,0.012048192771084338,0.0,0.0,0.0,0.0,0.0,0.0,0.0,0.0,0.0,0.0,0.0,0.0,0.0,0.012048192771084338,0.0,0.0,0.0,0.012048192771084338,0.0,0.0,0.0,0.0,0.0,0.0,0.0,0.0,0.0,0.0,0.0,0.012048192771084338,0.012048192771084338
20797,0.0,0.0,0.0,0.0,0.0,0.0,0.0,0.0,0.002551020408163265,0.0,0.0,0.0,0.0,0.0,0.0,0.005952380952380952,0.0,0.0,0.0,0.00510204081632653,0.0,0.0,0.00510204081632653,0.0,0.0,0.0,0.0,0.0,0.0,0.0,0.0,0.008503401360544217,0.0
21664,0.0,0.00641025641025641,0.0,0.0,0.0,0.0,0.0,0.0,0.0,0.0,0.0,0.0,0.0,0.0,0.00641025641025641,0.0,0.01282051282051282,0.00641025641025641,0.00641025641025641,0.01282051282051282,0.01282051282051282,0.0,0.0,0.0,0.01282051282051282,0.01282051282051282,0.00641025641025641,0.019230769230769232,0.0,0.0,0.00641025641025641,0.0,0.0
22411,0.0,0.005434782608695652,0.0018115942028985507,0.0018115942028985507,0.0,0.0,0.0,0.0,0.0018115942028985507,0.0,0.0,0.0,0.0018115942028985507,0.0,0.007246376811594203,0.014190821256038648,0.007246376811594203,0.01751207729468599,0.007246376811594203,0.021135265700483092,0.0018115942028985507,0.0,0.0018115942028985507,0.0,0.0,0.0,0.012379227053140096,0.0,0.0,0.0,0.007246376811594203,0.007246376811594203,0.0018115942028985507
22829,0.0,0.0,0.0,0.0,0.0,0.0,0.0,0.0,0.011235955056179775,0.0,0.0,0.0,0.011235955056179775,0.0,0.0,0.0,0.0,0.02247191011235955,0.0,0.0,0.0,0.0,0.0,0.0,0.0,0.011235955056179775,0.0,0.0,0.0,0.0,0.0,0.0,0.0
23390,0.0,0.011904761904761904,0.003968253968253968,0.003968253968253968,0.0,0.0,0.0,0.0,0.003968253968253968,0.003968253968253968,0.0,0.0,0.003968253968253968,0.0,0.015873015873015872,0.011904761904761904,0.011904761904761904,0.007936507936507936,0.015873015873015872,0.015873015873015872,0.003968253968253968,0.003968253968253968,0.0,0.003968253968253968,0.0,0.0,0.011904761904761904,0.0,0.0,0.0,0.01984126984126984,0.011904761904761904,0.0
24261,0.0,0.011627906976744186,0.0,0.0,0.0,0.0,0.0,0.0,0.011627906976744186,0.0,0.0,0.0,0.023255813953488372,0.0,0.011627906976744186,0.023255813953488372,0.011627906976744186,0.0,0.011627906976744186,0.0,0.0,0.0,0.0,0.0,0.0,0.011627906976744186,0.011627906976744186,0.0,0.0,0.0,0.0,0.011627906976744186,0.0
25040,0.0,0.0053475935828877,0.0,0.00267379679144385,0.0,0.0,0.0,0.0,0.00089126559714795,0.00089126559714795,0.0,0.0,0.0035650623885918,0.0,0.006238859180035651,0.0071301247771836,0.004456327985739751,0.0035650623885918,0.006238859180035651,0.004456327985739751,0.0017825311942959,0.00089126559714795,0.0017825311942959,0.0017825311942959,0.0,0.0,0.004456327985739751,0.0017825311942959,0.0017825311942959,0.00089126559714795,0.0035650623885918,0.00089126559714795,0.00089126559714795
25347,0.0,0.012550881953867029,0.00876300316598824,0.0,0.0,0.0,0.0,0.0,0.0,0.0,0.00876300316598824,0.0026246719160104987,0.014012346998009238,0.00876300316598824,0.003787878787878788,0.007736906021075724,0.012550881953867029,0.00876300316598824,0.012550881953867029,0.015175553869877527,0.01138767508199874,0.0,0.0,0.0,0.0,0.0,0.003787878787878788,0.006275440976933514,0.0026246719160104987,0.0024875621890547263,0.005249343832020997,0.005249343832020997,0.0026246719160104987
27604,0.0,0.01020408163265306,0.02040816326530612,0.0,0.0,0.0,0.0,0.0,0.0,0.0,0.01020408163265306,0.0,0.01020408163265306,0.01020408163265306,0.01020408163265306,0.0,0.01020408163265306,0.01020408163265306,0.01020408163265306,0.04081632653061224,0.01020408163265306,0.0,0.0,0.0,0.0,0.0,0.0,0.0,0.0,0.0,0.01020408163265306,0.030612244897959183,0.061224489795918366
27624,0.00032690421706440013,0.006419517250653906,0.008178556163599787,0.003275315266846451,0.0002736726874657909,0.0002736726874657909,0.00021482277121374866,0.0002736726874657909,0.0011064022253191687,0.0018065818591228504,0.002330504283142422,0.0004296455424274973,0.005924161462050639,0.0042610062136443526,0.008579938183946761,0.014400334195871703,0.005662967491162009,0.009874601633478062,0.0062510656791150395,0.01820110847291704,0.005895120124485196,0.0,0.0029652808800828775,0.0018498416476119353,0.0,0.00032690421706440013,0.0036061358954853776,0.002819815316574456,0.0002736726874657909,0.001087673501466605,0.005720115432335145,0.010344065254969255,0.0024088984979995223
28148,0.0078125,0.01808805418719212,0.0,0.0,0.0,0.0,0.0,0.0,0.0,0.0078125,0.00390625,0.0,0.0078125,0.0,0.006369304187192119,0.016644858374384237,0.010275554187192119,0.0,0.014181804187192119,0.006369304187192119,0.016644858374384237,0.0024630541871921183,0.0,0.0024630541871921183,0.0024630541871921183,0.0,0.006369304187192119,0.007389162561576354,0.006369304187192119,0.0,0.009852216748768473,0.017664716748768475,0.0024630541871921183
28152,0.0,0.02680037532254281,0.00510204081632653,0.0,0.00510204081632653,0.0,0.00510204081632653,0.0,0.0,0.027445460942997886,0.0,0.0,0.005747126436781609,0.0,0.015951208069434668,0.015951208069434668,0.015951208069434668,0.0,0.021698334506216277,0.01020408163265306,0.010849167253108138,0.0,0.00510204081632653,0.015306122448979591,0.0,0.0,0.015951208069434668,0.0,0.0,0.0,0.0,0.005747126436781609,0.005747126436781609
28351,0.0,0.0025252525252525255,0.0,0.0,0.0,0.0,0.0,0.0,0.0,0.006097560975609756,0.0,0.0,0.0,0.0,0.0025252525252525255,0.01977087952697709,0.0025252525252525255,0.003048780487804878,0.0025252525252525255,0.005574033013057403,0.0,0.0,0.0,0.0,0.0025252525252525255,0.0025252525252525255,0.005574033013057403,0.005574033013057403,0.0,0.0,0.0025252525252525255,0.0,0.0025252525252525255
29508,0.0,0.0,0.0,0.010869565217391304,0.0,0.0,0.0,0.0,0.0,0.0,0.0,0.0,0.010869565217391304,0.0,0.0,0.05434782608695652,0.0,0.0,0.010869565217391304,0.0,0.010869565217391304,0.0,0.0,0.0,0.0,0.0,0.0,0.0,0.0,0.0,0.010869565217391304,0.0,0.0
29780,0.0,0.005050505050505051,0.020202020202020204,0.0,0.0,0.0,0.0,0.0,0.010101010101010102,0.015151515151515152,0.0,0.015151515151515152,0.0,0.0,0.020202020202020204,0.010101010101010102,0.0,0.020202020202020204,0.0,0.020202020202020204,0.010101010101010102,0.0,0.005050505050505051,0.005050505050505051,0.0,0.0,0.0,0.010101010101010102,0.005050505050505051,0.005050505050505051,0.0,0.03535353535353535,0.0
29993,0.0,0.021396497018545197,0.0,0.0,0.0016129032258064516,0.001092896174863388,0.0,0.0,0.000546448087431694,0.000546448087431694,0.0027057994006698394,0.0,0.000546448087431694,0.0,0.0101242424795006,0.023348225411355665,0.0175431566342688,0.001092896174863388,0.013376489967602134,0.01038239209321833,0.004318702626476291,0.0,0.0,0.0,0.0,0.0,0.0101242424795006,0.009368758243828905,0.004605116796440489,0.008017712455247785,0.006898436027887696,0.003305068777086866,0.0016129032258064516
30014,0.0,0.0037174721189591076,0.0,0.0,0.0,0.0037174721189591076,0.0,0.0,0.0,0.01486988847583643,0.0037174721189591076,0.0,0.0,0.0,0.0,0.026022304832713755,0.007434944237918215,0.0037174721189591076,0.007434944237918215,0.011152416356877323,0.007434944237918215,0.0,0.0,0.0,0.0,0.0,0.0,0.0037174721189591076,0.0,0.0,0.0037174721189591076,0.0037174721189591076,0.011152416356877323
30226,0.0,0.0625,0.0,0.0,0.0,0.0,0.0,0.0,0.0,0.0,0.0,0.0,0.0,0.0,0.0625,0.0,0.0625,0.0,0.0625,0.0,0.0,0.0,0.0,0.0,0.0,0.0,0.0625,0.0,0.0,0.0,0.0,0.0,0.0
30606,0.0,0.0,0.0,0.0,0.0,0.0,0.0,0.0,0.04,0.0,0.0,0.0,0.0,0.0,0.0,0.0,0.0,0.0,0.0,0.0,0.0,0.0,0.0,0.0,0.0,0.0,0.0,0.0,0.0,0.0,0.0,0.0,0.0
31051,0.004651162790697674,0.004651162790697674,0.004651162790697674,0.004651162790697674,0.0,0.0,0.0,0.0,0.0,0.004651162790697674,0.004651162790697674,0.0,0.0,0.0,0.004651162790697674,0.018604651162790697,0.0,0.004651162790697674,0.004651162790697674,0.013953488372093023,0.004651162790697674,0.0,0.0,0.0,0.004651162790697674,0.004651162790697674,0.0,0.013953488372093023,0.004651162790697674,0.013953488372093023,0.018604651162790697,0.009302325581395349,0.0
31156,0.0,0.015706806282722512,0.010471204188481676,0.005235602094240838,0.005235602094240838,0.0,0.0,0.0,0.010471204188481676,0.005235602094240838,0.010471204188481676,0.0,0.005235602094240838,0.005235602094240838,0.0,0.020942408376963352,0.005235602094240838,0.010471204188481676,0.015706806282722512,0.005235602094240838,0.015706806282722512,0.0,0.0,0.0,0.0,0.0,0.0,0.0,0.010471204188481676,0.0,0.0,0.005235602094240838,0.010471204188481676
31178,0.0,0.0,0.0,0.0,0.0,0.0,0.0,0.0,0.0,0.0,0.0,0.0,0.038461538461538464,0.0,0.0,0.0,0.0,0.0,0.0,0.0,0.038461538461538464,0.0,0.0,0.0,0.0,0.038461538461538464,0.0,0.0,0.0,0.0,0.0,0.0,0.0
31217,0.0,0.010714285714285714,0.005952380952380952,0.0,0.0,0.0,0.0,0.0,0.0,0.0,0.007142857142857143,0.0,0.0,0.0035714285714285713,0.020238095238095236,0.010714285714285714,0.010714285714285714,0.009523809523809523,0.010714285714285714,0.019047619047619046,0.010714285714285714,0.0,0.0,0.0,0.0,0.0,0.010714285714285714,0.0035714285714285713,0.0,0.0,0.0,0.009523809523809523,0.0
31476,0.0,0.021897810218978103,0.0072992700729927005,0.0,0.014598540145985401,0.0,0.0,0.0,0.0072992700729927005,0.0072992700729927005,0.014598540145985401,0.0,0.0072992700729927005,0.0,0.0072992700729927005,0.029197080291970802,0.0,0.0072992700729927005,0.021897810218978103,0.0364963503649635,0.021897810218978103,0.0072992700729927005,0.0,0.0,0.0,0.0,0.0,0.0,0.021897810218978103,0.0,0.0,0.029197080291970802,0.014598540145985401
31528,0.0014925373134328358,0.0029850746268656717,0.0014925373134328358,0.0014925373134328358,0.0014925373134328358,0.0029850746268656717,0.0014925373134328358,0.0014925373134328358,0.004477611940298508,0.0014925373134328358,0.005970149253731343,0.0,0.004477611940298508,0.0014925373134328358,0.005970149253731343,0.019402985074626865,0.004477611940298508,0.005970149253731343,0.008955223880597015,0.005970149253731343,0.007462686567164179,0.0014925373134328358,0.0,0.0,0.0,0.0,0.0029850746268656717,0.0014925373134328358,0.0029850746268656717,0.0014925373134328358,0.004477611940298508,0.004477611940298508,0.0
32828,0.0,0.0,0.0,0.0,0.0,0.0,0.0,0.0,0.0,0.0,0.0,0.0,0.0,0.0,0.01282051282051282,0.023024594453165882,0.0,0.0,0.01020408163265306,0.01282051282051282,0.01020408163265306,0.0,0.0,0.0,0.01020408163265306,0.01020408163265306,0.0,0.0,0.01020408163265306,0.01282051282051282,0.023024594453165882,0.0,0.0
33167,0.0,0.0,0.0,0.0,0.0,0.0,0.0,0.0,0.0,0.0,0.0,0.0,0.0,0.0,0.0,0.0,0.0,0.0,0.0,0.1111111111111111,0.0,0.0,0.0,0.0,0.0,0.0,0.0,0.0,0.0,0.0,0.0,0.0,0.0
33276,0.0,0.01694915254237288,0.00847457627118644,0.0,0.0,0.0,0.0,0.0,0.0,0.00847457627118644,0.0,0.0,0.0,0.0,0.025423728813559324,0.0423728813559322,0.01694915254237288,0.00847457627118644,0.025423728813559324,0.01694915254237288,0.0,0.0,0.0,0.0,0.0,0.0,0.01694915254237288,0.0,0.0,0.0,0.0,0.00847457627118644,0.0
33573,0.009009009009009009,0.013513513513513514,0.0,0.0,0.0045045045045045045,0.0,0.0045045045045045045,0.0,0.0045045045045045045,0.018018018018018018,0.0,0.0,0.0045045045045045045,0.0,0.0045045045045045045,0.02012012012012012,0.0045045045045045045,0.011111111111111112,0.009009009009009009,0.015615615615615617,0.013513513513513514,0.0,0.0,0.0,0.0,0.0,0.0045045045045045045,0.0,0.015615615615615617,0.0,0.0045045045045045045,0.015615615615615617,0.0045045045045045045
34411,0.0,0.0,0.0,0.0,0.0,0.0,0.0,0.0,0.014705882352941176,0.0,0.0,0.0,0.0,0.0,0.0,0.029411764705882353,0.0,0.0,0.0,0.014705882352941176,0.0,0.014705882352941176,0.0,0.0,0.0,0.0,0.0,0.0,0.0,0.0,0.0,0.029411764705882353,0.014705882352941176
35048,0.0,0.011111111111111112,0.011111111111111112,0.0,0.0,0.005555555555555556,0.0,0.0,0.0,0.0,0.0,0.0,0.005555555555555556,0.0,0.022222222222222223,0.03888888888888889,0.011111111111111112,0.011111111111111112,0.011111111111111112,0.027777777777777776,0.0,0.0,0.0,0.0,0.0,0.0,0.016666666666666666,0.0,0.011111111111111112,0.0,0.011111111111111112,0.011111111111111112,0.011111111111111112
35114,0.0,0.0,0.0,0.0,0.0,0.0,0.0,0.0,0.012048192771084338,0.0,0.0,0.0,0.0,0.0,0.0,0.006024096385542169,0.0,0.0030120481927710845,0.0,0.0,0.0030120481927710845,0.0,0.0030120481927710845,0.0,0.0,0.0,0.0030120481927710845,0.0,0.0030120481927710845,0.0,0.0,0.006024096385542169,0.0
35428,0.0,0.0029411764705882353,0.0029411764705882353,0.0,0.0,0.0,0.0,0.0,0.0,0.0,0.0,0.0,0.0,0.0,0.0029411764705882353,0.011764705882352941,0.0029411764705882353,0.0,0.0,0.0058823529411764705,0.0058823529411764705,0.0,0.0,0.0,0.0029411764705882353,0.0029411764705882353,0.0,0.0029411764705882353,0.0029411764705882353,0.0,0.0,0.01764705882352941,0.0029411764705882353
35429,0.0,0.005427408412483039,0.0027137042062415195,0.0,0.0013568521031207597,0.0013568521031207597,0.0,0.0013568521031207597,0.0,0.012211668928086838,0.0013568521031207597,0.0,0.004070556309362279,0.0013568521031207597,0.004070556309362279,0.0203527815468114,0.005427408412483039,0.005427408412483039,0.010854816824966078,0.010854816824966078,0.012211668928086838,0.0013568521031207597,0.0013568521031207597,0.0013568521031207597,0.0,0.0,0.005427408412483039,0.010854816824966078,0.008141112618724558,0.005427408412483039,0.0027137042062415195,0.0027137042062415195,0.0027137042062415195
35898,0.002150537634408602,0.008602150537634409,0.008602150537634409,0.0064516129032258064,0.004301075268817204,0.0,0.002150537634408602,0.0064516129032258064,0.004301075268817204,0.004301075268817204,0.0,0.004301075268817204,0.008602150537634409,0.0,0.008602150537634409,0.021505376344086023,0.002150537634408602,0.0064516129032258064,0.004301075268817204,0.015053763440860216,0.004301075268817204,0.002150537634408602,0.0,0.002150537634408602,0.002150537634408602,0.002150537634408602,0.002150537634408602,0.0,0.0,0.002150537634408602,0.0064516129032258064,0.008602150537634409,0.0
35972,0.0,0.0,0.0,0.0,0.0,0.0,0.0,0.0,0.0,0.03571428571428571,0.0,0.0,0.0,0.0,0.0,0.0,0.0,0.03571428571428571,0.0,0.03571428571428571,0.0,0.0,0.0,0.0,0.0,0.0,0.0,0.0,0.0,0.0,0.0,0.0,0.0
36393,0.0,0.0367063492063492,0.0,0.0,0.013888888888888888,0.0,0.0,0.0,0.0,0.013888888888888888,0.0,0.0,0.031746031746031744,0.013888888888888888,0.027777777777777776,0.031746031746031744,0.027777777777777776,0.0,0.022817460317460316,0.0,0.017857142857142856,0.0,0.0,0.0,0.0,0.0,0.013888888888888888,0.017857142857142856,0.008928571428571428,0.0,0.008928571428571428,0.0,0.0
36402,0.007575757575757576,0.007575757575757576,0.0,0.0,0.0,0.0,0.0,0.0,0.0,0.0,0.0,0.0,0.0,0.0,0.007575757575757576,0.015151515151515152,0.015151515151515152,0.0,0.007575757575757576,0.0,0.015151515151515152,0.0,0.0,0.0,0.0,0.0,0.007575757575757576,0.015151515151515152,0.0,0.0,0.0,0.0,0.007575757575757576
37536,0.0,0.012195121951219513,0.0,0.0,0.0,0.0,0.0,0.0,0.0,0.0,0.0,0.0,0.0,0.0,0.012195121951219513,0.0,0.012195121951219513,0.0,0.012195121951219513,0.024390243902439025,0.0,0.0,0.0,0.012195121951219513,0.0,0.0,0.012195121951219513,0.0,0.0,0.0,0.0,0.04878048780487805,0.036585365853658534
37682,0.0,0.007594936708860759,0.002531645569620253,0.0,0.0,0.0,0.005063291139240506,0.0,0.0,0.0,0.007594936708860759,0.0,0.015189873417721518,0.002531645569620253,0.002531645569620253,0.020253164556962026,0.005063291139240506,0.005063291139240506,0.005063291139240506,0.002531645569620253,0.005063291139240506,0.0,0.0,0.0,0.007594936708860759,0.005063291139240506,0.005063291139240506,0.010126582278481013,0.007594936708860759,0.007594936708860759,0.0,0.002531645569620253,0.002531645569620253
37948,0.0017211703958691911,0.012048192771084338,0.0017211703958691911,0.0051635111876075735,0.0051635111876075735,0.0,0.0017211703958691911,0.0034423407917383822,0.0,0.0051635111876075735,0.0034423407917383822,0.0017211703958691911,0.0051635111876075735,0.0017211703958691911,0.0051635111876075735,0.010327022375215147,0.0068846815834767644,0.0017211703958691911,0.012048192771084338,0.0051635111876075735,0.008605851979345954,0.0,0.0,0.0,0.0068846815834767644,0.008605851979345954,0.0068846815834767644,0.0,0.012048192771084338,0.0,0.0034423407917383822,0.0017211703958691911,0.0068846815834767644
39498,0.0,0.005319148936170213,0.0017730496453900709,0.006666666666666667,0.0033333333333333335,0.0,0.0,0.0033333333333333335,0.0,0.0,0.006879432624113476,0.0,0.005106382978723404,0.0017730496453900709,0.0035460992907801418,0.025957446808510636,0.008652482269503546,0.0017730496453900709,0.015531914893617021,0.010212765957446808,0.010212765957446808,0.0,0.0,0.0,0.0,0.0,0.010425531914893617,0.006879432624113476,0.0017730496453900709,0.008652482269503546,0.015319148936170212,0.0033333333333333335,0.0033333333333333335
39685,0.0,0.037037037037037035,0.0,0.0,0.009259259259259259,0.0,0.009259259259259259,0.009259259259259259,0.009259259259259259,0.0,0.009259259259259259,0.0,0.009259259259259259,0.0,0.027777777777777776,0.046296296296296294,0.037037037037037035,0.0,0.05555555555555555,0.0,0.009259259259259259,0.0,0.0,0.0,0.0,0.0,0.027777777777777776,0.018518518518518517,0.0,0.018518518518518517,0.0,0.0,0.0
41458,0.0,0.004724409448818898,0.004724409448818898,0.0015748031496062992,0.0,0.0015748031496062992,0.0,0.0015748031496062992,0.0015748031496062992,0.009448818897637795,0.0031496062992125984,0.0,0.012598425196850394,0.0031496062992125984,0.004724409448818898,0.025196850393700787,0.004724409448818898,0.009448818897637795,0.006299212598425197,0.009448818897637795,0.004724409448818898,0.0,0.0015748031496062992,0.0031496062992125984,0.006299212598425197,0.006299212598425197,0.0031496062992125984,0.0,0.0,0.0,0.004724409448818898,0.012598425196850394,0.0
41517,0.0,0.0,0.0,0.0,0.0,0.0,0.0,0.0,0.0,0.0,0.0,0.0,0.011627906976744186,0.0,0.0,0.0,0.0,0.0,0.0,0.0,0.0,0.0,0.0,0.0,0.0,0.011627906976744186,0.011627906976744186,0.023255813953488372,0.0,0.0,0.0,0.0,0.023255813953488372
41946,0.0,0.003139545095284096,0.0,0.0039200981728933736,0.0,0.0,0.0,0.0,0.005798394290811775,0.0,0.0024333304060185595,0.0,0.0021929824561403508,0.0,0.003139545095284096,0.012932375947332986,0.003845759784549633,0.006504608980077312,0.005332527551424447,0.005798394290811775,0.0021929824561403508,0.0,0.00211864406779661,0.0014124293785310734,0.0,0.0,0.008320892245543164,0.020143199616675832,0.0007062146892655367,0.008697591436217662,0.0036054118346714238,0.0036054118346714238,0.0028991971454058875
41983,0.0,0.015384615384615385,0.015384615384615385,0.0,0.0,0.0,0.0,0.0,0.0,0.0,0.0,0.0,0.0,0.0,0.03076923076923077,0.0,0.015384615384615385,0.015384615384615385,0.015384615384615385,0.015384615384615385,0.0,0.0,0.015384615384615385,0.0,0.0,0.0,0.015384615384615385,0.0,0.0,0.0,0.0,0.03076923076923077,0.0
42155,0.0,0.0,0.0,0.0,0.0,0.0,0.0,0.0,0.0,0.0625,0.0,0.0,0.0,0.0,0.0,0.0625,0.0,0.0,0.0,0.0,0.0,0.0,0.0,0.0,0.0,0.0,0.0,0.0,0.0,0.0,0.0,0.0,0.0
42279,0.0,0.024,0.0,0.0,0.008,0.0,0.0,0.0,0.0,0.0,0.008,0.0,0.0,0.0,0.008,0.032,0.008,0.0,0.032,0.008,0.016,0.0,0.008,0.0,0.0,0.0,0.008,0.032,0.032,0.024,0.016,0.016,0.008
42332,0.0,0.0,0.0,0.0033112582781456954,0.0033112582781456954,0.006622516556291391,0.0,0.0033112582781456954,0.0033112582781456954,0.0,0.0033112582781456954,0.0,0.0033112582781456954,0.0,0.0033112582781456954,0.019867549668874173,0.0,0.006622516556291391,0.0033112582781456954,0.013245033112582781,0.0,0.0,0.0,0.0,0.0,0.0,0.0033112582781456954,0.0,0.016556291390728478,0.0,0.006622516556291391,0.006622516556291391,0.0
42350,0.0,0.0029365079365079364,0.0029365079365079364,0.0038888888888888888,0.001984126984126984,0.0,0.001984126984126984,0.001984126984126984,0.0038095238095238095,0.0,0.004920634920634921,0.0,0.003968253968253968,0.001984126984126984,0.0019047619047619048,0.02142857142857143,0.004920634920634921,0.0029365079365079364,0.0077777777777777776,0.012698412698412698,0.005873015873015873,0.0,0.002857142857142857,0.002857142857142857,0.0,0.002857142857142857,0.0038095238095238095,0.012857142857142857,0.0,0.00992063492063492,0.002857142857142857,0.0019047619047619048,0.0029365079365079364
42402,0.0033500837520938024,0.011725293132328308,0.0033500837520938024,0.0,0.0033500837520938024,0.0016750418760469012,0.0016750418760469012,0.0,0.0,0.0016750418760469012,0.0016750418760469012,0.0,0.0016750418760469012,0.0016750418760469012,0.01507537688442211,0.01340033500837521,0.006700167504187605,0.006700167504187605,0.011725293132328308,0.011725293132328308,0.010050251256281407,0.0,0.0,0.0,0.0,0.0,0.008375209380234505,0.0016750418760469012,0.006700167504187605,0.0,0.010050251256281407,0.006700167504187605,0.008375209380234505
42514,0.003355704697986577,0.0045045045045045045,0.0,0.0,0.0,0.0,0.0,0.0,0.0022522522522522522,0.0,0.0,0.0,0.011215913900477659,0.0,0.0045045045045045045,0.02689098494467622,0.007860209202491081,0.013468166152729912,0.0045045045045045045,0.008963661648225407,0.005607956950238829,0.003355704697986577,0.0,0.0022522522522522522,0.007860209202491081,0.003355704697986577,0.0045045045045045045,0.008963661648225407,0.003355704697986577,0.010067114093959731,0.0,0.008963661648225407,0.0
42864,0.0,0.0,0.0,0.0017482517482517483,0.0,0.0,0.0,0.0,0.0,0.0,0.0,0.0,0.0034965034965034965,0.0,0.0,0.006993006993006993,0.0,0.0017482517482517483,0.0017482517482517483,0.0,0.011007511007511007,0.0,0.0,0.0,0.0,0.0,0.0017482517482517483,0.011007511007511007,0.0,0.0,0.0017482517482517483,0.0,0.0
43252,0.0,0.0,0.0,0.0,0.0,0.0,0.0,0.0,0.0,0.0,0.019417475728155338,0.0,0.0,0.0,0.019417475728155338,0.02912621359223301,0.009708737864077669,0.0,0.009708737864077669,0.009708737864077669,0.0,0.0,0.0,0.0,0.0,0.0,0.009708737864077669,0.0,0.0,0.0,0.009708737864077669,0.0,0.0
43319,0.0,0.0,0.0,0.0,0.0,0.0,0.0,0.0,0.006211180124223602,0.0,0.006211180124223602,0.0,0.012422360248447204,0.0,0.006211180124223602,0.012422360248447204,0.0,0.006211180124223602,0.0,0.018633540372670808,0.006211180124223602,0.0,0.0,0.0,0.0,0.0,0.0,0.0,0.0,0.0,0.0,0.012422360248447204,0.006211180124223602
43555,0.0,0.012658227848101266,0.0,0.0,0.0,0.0,0.0,0.0,0.0,0.0,0.0,0.0,0.0,0.0,0.012658227848101266,0.0,0.012658227848101266,0.02531645569620253,0.012658227848101266,0.02531645569620253,0.0,0.0,0.0,0.0,0.0,0.0,0.012658227848101266,0.0,0.0,0.0,0.0,0.0,0.0379746835443038
43801,0.0,0.005952380952380952,0.005952380952380952,0.001984126984126984,0.0,0.001984126984126984,0.0,0.0,0.001984126984126984,0.003968253968253968,0.001984126984126984,0.0,0.003968253968253968,0.001984126984126984,0.011904761904761904,0.011904761904761904,0.007936507936507936,0.011904761904761904,0.007936507936507936,0.01984126984126984,0.007936507936507936,0.0,0.0,0.0,0.0,0.0,0.005952380952380952,0.005952380952380952,0.0,0.0,0.00992063492063492,0.00992063492063492,0.0
44227,0.0,0.0,0.0,0.0,0.0,0.0,0.0,0.0,0.0,0.0,0.0,0.0,0.010309278350515464,0.0,0.0,0.0,0.0,0.0,0.0,0.0,0.0,0.0,0.0,0.0,0.0,0.0,0.0,0.0,0.010309278350515464,0.0,0.010309278350515464,0.0,0.0
44759,0.0,0.0,0.0,0.0,0.0,0.0,0.0,0.0,0.0,0.016129032258064516,0.0,0.0,0.0,0.0,0.0,0.0,0.0,0.0,0.016129032258064516,0.03225806451612903,0.0,0.0,0.0,0.0,0.0,0.0,0.0,0.0,0.0,0.0,0.0,0.0,0.0
44772,0.0,0.03048780487804878,0.0,0.006097560975609756,0.0,0.0,0.0,0.0,0.006097560975609756,0.006097560975609756,0.0,0.0,0.018292682926829267,0.0,0.018292682926829267,0.03048780487804878,0.018292682926829267,0.0,0.024390243902439025,0.0,0.0,0.0,0.0,0.006097560975609756,0.0,0.0,0.018292682926829267,0.0,0.0,0.0,0.006097560975609756,0.018292682926829267,0.0
44876,0.0,0.0,0.0,0.0,0.0,0.0,0.0,0.0,0.014705882352941176,0.0,0.0,0.0,0.0,0.0,0.0,0.014705882352941176,0.0,0.0,0.0,0.0,0.0,0.0,0.0,0.0,0.0,0.0,0.0,0.0,0.0,0.0,0.0,0.0,0.0
45088,0.0,0.009933774834437087,0.006622516556291391,0.0,0.009933774834437087,0.0,0.0,0.0,0.0,0.006622516556291391,0.009933774834437087,0.0,0.0,0.0033112582781456954,0.006622516556291391,0.009933774834437087,0.0,0.0033112582781456954,0.013245033112582781,0.023178807947019868,0.016556291390728478,0.0,0.0,0.0,0.0,0.0,0.0033112582781456954,0.013245033112582781,0.006622516556291391,0.006622516556291391,0.0033112582781456954,0.023178807947019868,0.023178807947019868
45145,0.0,0.0,0.0,0.0,0.0,0.0,0.0,0.0,0.0,0.0,0.0,0.0,0.0,0.0,0.0,0.0,0.0,0.0,0.0,0.0,0.0,0.0,0.0,0.0,0.0,0.0,0.0,0.0,0.0,0.0,0.0,0.0,0.01282051282051282
45551,0.0,0.0070921985815602835,0.0,0.0070921985815602835,0.0,0.0,0.0,0.0,0.0070921985815602835,0.0,0.0,0.0,0.0,0.0,0.0070921985815602835,0.014184397163120567,0.0070921985815602835,0.0070921985815602835,0.0070921985815602835,0.028368794326241134,0.0,0.0,0.0,0.0,0.0,0.0,0.0070921985815602835,0.0,0.0070921985815602835,0.0,0.0,0.02127659574468085,0.02127659574468085
46091,0.0,0.036585365853658534,0.012195121951219513,0.0,0.0,0.0,0.0,0.0,0.012195121951219513,0.0,0.012195121951219513,0.0,0.012195121951219513,0.012195121951219513,0.024390243902439025,0.0,0.036585365853658534,0.024390243902439025,0.036585365853658534,0.024390243902439025,0.012195121951219513,0.0,0.0,0.0,0.0,0.0,0.024390243902439025,0.024390243902439025,0.0,0.024390243902439025,0.0,0.0,0.0
46549,0.0,0.009191176470588236,0.0,0.003676470588235294,0.001838235294117647,0.003676470588235294,0.0,0.001838235294117647,0.0,0.0055147058823529415,0.003676470588235294,0.0,0.0055147058823529415,0.001838235294117647,0.0055147058823529415,0.01838235294117647,0.007352941176470588,0.001838235294117647,0.014705882352941176,0.007352941176470588,0.011029411764705883,0.0,0.0,0.0,0.001838235294117647,0.0,0.009191176470588236,0.0055147058823529415,0.001838235294117647,0.001838235294117647,0.009191176470588236,0.003676470588235294,0.003676470588235294
46729,0.0,0.0029940119760479044,0.0,0.0014970059880239522,0.0014970059880239522,0.0,0.0,0.0014970059880239522,0.0014970059880239522,0.0014970059880239522,0.0014970059880239522,0.0,0.0014970059880239522,0.0,0.0029940119760479044,0.014970059880239521,0.0014970059880239522,0.0,0.0014970059880239522,0.008982035928143712,0.0,0.0,0.0014970059880239522,0.0014970059880239522,0.0,0.0,0.0029940119760479044,0.0,0.0,0.0,0.0014970059880239522,0.008982035928143712,0.0014970059880239522
46849,0.0,0.005836575875486381,0.0019455252918287938,0.0019455252918287938,0.0,0.0,0.0,0.0,0.0,0.0038910505836575876,0.0,0.0,0.0038910505836575876,0.0,0.0038910505836575876,0.01556420233463035,0.007782101167315175,0.0038910505836575876,0.005836575875486381,0.009727626459143969,0.007782101167315175,0.0019455252918287938,0.0,0.0,0.0,0.0019455252918287938,0.0019455252918287938,0.0038910505836575876,0.0038910505836575876,0.0038910505836575876,0.0038910505836575876,0.011673151750972763,0.0019455252918287938
47221,0.0,0.01620084558685973,0.00957832903056834,0.0011037527593818985,0.0011037527593818985,0.0011037527593818985,0.0,0.0011037527593818985,0.00847457627118644,0.011785834549332136,0.00847457627118644,0.0,0.013993340068095933,0.00957832903056834,0.006622516556291391,0.01730459834624163,0.015097092827477832,0.011785834549332136,0.01620084558685973,0.02983873985108692,0.013993340068095933,0.0,0.0,0.0,0.0,0.0,0.005518763796909493,0.0011037527593818985,0.0,0.0011037527593818985,0.0,0.013993340068095933,0.010682081789950237
47849,0.0004385964912280702,0.004195715028811922,0.0016178417742469381,0.0030427631578947368,0.0013023630504833512,0.002056438265475008,0.0012889366272824919,0.0008771929824561404,0.014236111111111113,0.0034545068027210884,0.007772178508940815,0.005208333333333333,0.0011792452830188679,0.002056438265475008,0.0026181525241675617,0.007538936627282492,0.009074541559424167,0.010893881716870793,0.010020544960784711,0.010564976569906348,0.008157628741665484,0.0,0.0,0.0,0.0,0.0008503401360544217,0.004865959541711422,0.007525510204081633,0.001727533118510562,0.0030293367346938774,0.004209141452012781,0.00823333885027033,0.004729415351046079
48459,0.0,0.009259259259259259,0.0,0.0036630036630036634,0.0036630036630036634,0.0,0.0,0.0036630036630036634,0.0,0.0,0.007326007326007327,0.0,0.0,0.0,0.0,0.02815934065934066,0.007326007326007327,0.0,0.012922262922262923,0.0036630036630036634,0.02218152218152218,0.0,0.0,0.0,0.0036630036630036634,0.0036630036630036634,0.0,0.018518518518518517,0.027777777777777776,0.009259259259259259,0.009259259259259259,0.020833333333333332,0.0
49110,0.0018726591760299626,0.011235955056179775,0.00749063670411985,0.0018726591760299626,0.0018726591760299626,0.0,0.0,0.0,0.0018726591760299626,0.00749063670411985,0.003745318352059925,0.0,0.003745318352059925,0.0,0.013108614232209739,0.0149812734082397,0.0056179775280898875,0.0056179775280898875,0.009363295880149813,0.013108614232209739,0.011235955056179775,0.0,0.0,0.0,0.0,0.0018726591760299626,0.0056179775280898875,0.009363295880149813,0.003745318352059925,0.0056179775280898875,0.0056179775280898875,0.011235955056179775,0.0056179775280898875
49555,0.0,0.005780346820809248,0.0,0.0,0.0,0.0,0.0,0.0,0.0,0.017341040462427744,0.0,0.0,0.011560693641618497,0.0,0.0,0.017341040462427744,0.0,0.0,0.0,0.005780346820809248,0.0,0.0,0.011560693641618497,0.011560693641618497,0.0,0.0,0.0,0.011560693641618497,0.005780346820809248,0.011560693641618497,0.0,0.017341040462427744,0.011560693641618497
50962,0.0,0.0,0.0,0.0,0.0,0.0,0.0,0.0,0.0,0.0,0.0,0.0,0.0,0.0,0.0,0.010638297872340425,0.0,0.010638297872340425,0.0,0.0,0.0,0.0,0.0,0.0,0.0,0.010638297872340425,0.0,0.010638297872340425,0.0,0.010638297872340425,0.010638297872340425,0.010638297872340425,0.0
51058,0.0035335689045936395,0.01060070671378092,0.01060070671378092,0.0035335689045936395,0.0,0.0,0.0,0.0,0.0,0.01060070671378092,0.03180212014134275,0.0,0.0176678445229682,0.007067137809187279,0.007067137809187279,0.03180212014134275,0.0353356890459364,0.0176678445229682,0.024734982332155476,0.028268551236749116,0.0176678445229682,0.0,0.0,0.0,0.0,0.0,0.0035335689045936395,0.024734982332155476,0.007067137809187279,0.0,0.0035335689045936395,0.0035335689045936395,0.0
51307,0.0,0.0,0.007692307692307693,0.0,0.0,0.007692307692307693,0.0,0.0,0.0,0.0,0.0,0.015384615384615385,0.0,0.007692307692307693,0.007692307692307693,0.0,0.0,0.015384615384615385,0.0,0.007692307692307693,0.0,0.0,0.0,0.0,0.0,0.0,0.0,0.0,0.0,0.0,0.007692307692307693,0.03076923076923077,0.0
51666,0.0024330900243309003,0.0170316301703163,0.004866180048661801,0.0,0.0,0.0,0.0024330900243309003,0.004866180048661801,0.0,0.0024330900243309003,0.0024330900243309003,0.0,0.0,0.0,0.019464720194647202,0.009732360097323601,0.0170316301703163,0.004866180048661801,0.0170316301703163,0.012165450121654502,0.0024330900243309003,0.0072992700729927005,0.0,0.0024330900243309003,0.004866180048661801,0.004866180048661801,0.014598540145985401,0.0,0.0024330900243309003,0.0,0.004866180048661801,0.0170316301703163,0.004866180048661801
51766,0.004608294930875576,0.004608294930875576,0.0,0.0,0.0,0.004608294930875576,0.0,0.0,0.0,0.0,0.0,0.0,0.0,0.004608294930875576,0.009216589861751152,0.013824884792626729,0.009216589861751152,0.009216589861751152,0.004608294930875576,0.018433179723502304,0.0,0.0,0.0,0.0,0.013824884792626729,0.013824884792626729,0.004608294930875576,0.009216589861751152,0.0,0.0,0.0,0.009216589861751152,0.009216589861751152
