,user_id
0,16
1,56
2,137
3,152
4,370
5,706
6,967
7,981
8,1215
9,1233
10,1288
11,1318
12,1419
13,1489
14,1500
15,1526
16,1610
17,1690
18,1854
19,2071
20,2103
21,2205
22,2370
23,2435
24,2655
25,2667
26,2835
27,2853
28,3032
29,3236
30,3344
31,3402
32,3700
33,3730
34,3973
35,4031
36,4132
37,4184
38,4192
39,4193
40,4517
41,4606
42,4796
43,4831
44,4897
45,4983
46,5004
47,5096
48,5169
49,5170
50,5196
51,5215
52,5227
53,5406
54,5422
55,5548
56,5611
57,5657
58,5782
59,5791
60,5827
61,5985
62,6198
63,6234
64,6317
65,6370
66,6375
67,6537
68,6826
69,6949
70,6987
71,7007
72,7241
73,7312
74,7371
75,7489
76,7658
77,7662
78,7801
79,7864
80,7904
81,8215
82,8454
83,8554
84,8588
85,8622
86,8720
87,8759
88,8821
89,8874
90,8907
91,8961
92,8967
93,9079
94,9174
95,9212
96,9398
97,9583
98,9605
99,9658
100,9787
101,9945
102,10146
103,10171
104,10276
105,10283
106,10287
107,10360
108,10400
109,10701
110,10753
111,10799
112,10835
113,10869
114,10914
115,10977
116,11349
117,11455
118,11464
119,11534
120,11885
121,11907
122,11978
123,12096
124,12192
125,12216
126,12447
127,12900
128,13018
129,13074
130,13197
131,13199
132,13221
133,13291
134,13317
135,13347
136,13704
137,13750
138,13814
139,13957
140,13995
141,14406
142,14492
143,14542
144,14574
145,14623
146,14635
147,14637
148,15000
149,15033
150,15127
151,15152
152,15163
153,15195
154,15355
155,15416
156,15566
157,15611
158,15696
159,15769
160,15870
161,15914
162,15979
163,15984
164,16035
165,16093
166,16175
167,16310
168,16392
169,16402
170,16441
171,16609
172,16719
173,16723
174,16768
175,16807
176,16927
177,16955
178,17406
179,17468
180,17708
181,17946
182,18136
183,18209
184,18262
185,18362
186,18482
187,18583
188,18647
189,18752
190,18787
191,18824
192,18869
193,19021
194,19089
195,19113
196,19339
197,19347
198,19368
199,19409
200,19512
201,19832
202,19871
203,19941
204,19955
205,19959
206,19994
207,20019
208,20127
209,20211
210,20386
211,20406
212,20488
213,20503
214,20508
215,20747
216,20841
217,20908
218,21174
219,21291
220,21485
221,21773
222,21780
223,21808
224,21909
225,21999
226,22002
227,22006
228,22015
229,22134
230,22354
231,22733
232,22913
233,23308
234,23785
235,24169
236,24226
237,24255
238,24836
239,24839
240,25055
241,25368
242,25479
243,25499
244,25502
245,25865
246,26024
247,26047
248,26174
249,26179
250,26244
251,26306
252,26433
253,26474
254,26545
255,26646
256,26683
257,26741
258,26849
259,26864
260,26915
261,27116
262,27149
263,27495
264,27553
265,27668
266,27877
267,28071
268,28252
269,28380
270,28703
271,28721
272,28983
273,29020
274,29053
275,29216
276,29426
277,29434
278,29478
279,29598
280,29627
281,29644
282,29648
283,30049
284,30107
285,30316
286,30432
287,30566
288,30759
289,30945
290,30972
291,30974
292,31083
293,31287
294,31300
295,31370
296,31691
297,31724
298,31839
299,32057
300,32063
301,32114
302,32144
303,32225
304,32261
305,32267
306,32280
307,32463
308,32599
309,32621
310,32625
311,32730
312,32775
313,32819
314,32938
315,32960
316,33250
317,33301
318,33416
319,33604
320,33620
321,33687
322,33749
323,33917
324,33936
325,33973
326,33996
327,34135
328,34169
329,34271
330,34375
331,34533
332,34567
333,34677
334,34712
335,34960
336,35071
337,35089
338,35107
339,35398
340,35751
341,35819
342,35826
343,36154
344,36241
345,36558
346,36760
347,36766
348,36890
349,36927
350,36977
351,36990
352,37006
353,37521
354,37611
355,37840
356,37903
357,38058
358,38184
359,38379
360,38518
361,38526
362,38533
363,38629
364,39188
365,39330
366,39369
367,39474
368,39495
369,39562
370,39636
371,39703
372,39819
373,39980
374,40034
375,40130
376,40225
377,40424
378,40448
379,40522
380,40703
381,40756
382,40823
383,40919
384,40976
385,41059
386,41192
387,41528
388,41711
389,42188
390,42285
391,42349
392,42355
393,42543
394,42685
395,42705
396,42748
397,42934
398,42974
399,42997
400,43085
401,43206
402,43273
403,43584
404,43705
405,43739
406,43761
407,44029
408,44264
409,44265
410,44360
411,44582
412,44705
413,44747
414,44773
415,44776
416,45051
417,45072
418,45096
419,45222
420,45266
421,45351
422,45356
423,45401
424,45433
425,45455
426,45477
427,45509
428,45966
429,46078
430,46119
431,46272
432,46315
433,46472
434,46485
435,46710
436,46922
437,46967
438,47016
439,47176
440,47190
441,47267
442,47415
443,47707
444,47723
445,47817
446,48007
447,48083
448,48276
449,48291
450,48293
451,48431
452,48461
453,48548
454,48566
455,48651
456,48663
457,48723
458,48892
459,49045
460,49202
461,49219
462,49333
463,49639
464,49677
465,49714
466,49779
467,49903
468,49975
469,50011
470,50028
471,50054
472,50096
473,50144
474,50207
475,50293
476,50294
477,50386
478,50464
479,50477
480,50571
481,50602
482,50604
483,50624
484,50804
485,50830
486,50949
487,51023
488,51216
489,51274
490,51363
491,51455
492,51498
493,51526
494,51643
495,51883
